TotalSF,GrLivArea,1stFlrSF,TotalBsmtSF,OverallQual,OverallCond,ExterQual_num,KitchenQual_num,HouseAge,YearsSinceRemodel,TotalBath,GarageCars,GarageArea,Fireplaces,HasBasement,HasGarage,LotArea,SalePrice
2566,1710,856,856,7,5,4,4,21,21,3.5,2,548,0,1,1,8450,208500
2524,1262,1262,1262,6,8,3,3,48,48,2.5,2,460,1,1,1,9600,181500
2706,1786,920,920,7,5,4,4,23,22,3.5,2,608,1,1,1,11250,223500
2473,1717,961,756,7,5,3,4,109,54,2.0,3,642,1,1,1,9550,140000
3343,2198,1145,1145,8,5,4,4,24,24,3.5,3,836,1,1,1,14260,250000
2158,1362,796,796,5,5,3,3,31,29,2.5,2,480,0,1,1,14115,143000
3380,1694,1694,1686,8,5,4,4,20,19,3.0,2,636,1,1,1,10084,307000
3197,2090,1107,1107,7,6,3,3,51,51,3.5,2,484,2,1,1,10382,200000
2726,1774,1022,952,7,5,3,3,93,74,2.0,2,468,2,1,1,6120,129900
2068,1077,1077,991,5,6,3,3,85,74,2.0,1,205,2,1,1,7420,118000
2080,1040,1040,1040,5,5,3,3,59,59,2.0,1,384,0,1,1,11200,129500
3499,2324,1182,1175,9,5,5,5,19,18,4.0,3,736,2,1,1,11924,345000
1824,912,912,912,5,6,3,3,62,62,2.0,1,352,0,1,1,12968,144000
2988,1494,1494,1494,7,5,4,4,18,17,2.0,3,840,1,1,1,10652,279500
2506,1253,1253,1253,6,5,3,3,64,64,2.5,1,352,1,1,1,10920,157000
1686,854,854,832,7,8,3,3,95,23,1.0,2,576,0,1,1,6120,132000
2008,1004,1004,1004,6,7,3,3,54,54,2.0,2,480,1,1,1,11241,149000
1296,1296,1296,0,4,5,3,3,57,57,2.0,2,516,0,0,1,10791,90000
2228,1114,1114,1114,5,5,3,4,20,20,2.5,2,576,0,1,1,13695,159000
2368,1339,1339,1029,5,6,3,3,66,59,1.0,1,294,0,1,1,7560,139000
3534,2376,1158,1158,8,5,4,4,19,18,3.5,3,853,1,1,1,14215,325300
1745,1108,1108,637,7,7,3,4,94,74,1.0,1,280,1,1,1,7449,139400
3572,1795,1795,1777,8,5,4,4,22,22,2.0,2,534,1,1,1,9742,230000
2100,1060,1060,1040,5,7,3,3,48,48,2.0,2,572,1,1,1,4224,129900
2120,1060,1060,1060,5,8,3,4,56,23,2.0,1,270,1,1,1,8246,154000
3166,1600,1600,1566,8,5,4,4,17,17,2.0,3,890,1,1,1,14230,256300
1800,900,900,900,5,7,3,4,73,24,1.5,2,576,0,1,1,7200,134800
3408,1704,1704,1704,8,5,4,4,17,16,3.0,3,772,1,1,1,11478,306000
3084,1600,1600,1484,5,6,3,3,67,27,2.0,1,319,2,1,1,16321,207500
1040,520,520,520,4,6,3,2,97,74,1.0,1,240,0,1,1,6324,68500
1966,1317,649,649,4,4,3,3,104,74,1.0,1,250,0,1,1,8500,40000
2456,1228,1228,1228,5,6,3,4,58,18,1.5,1,271,0,1,1,8544,149350
2468,1234,1234,1234,8,5,4,4,17,17,2.0,2,484,0,1,1,11049,179900
3098,1700,1700,1398,5,5,3,4,65,65,2.0,2,447,1,1,1,10552,165500
3122,1561,1561,1561,9,5,5,5,19,19,3.0,2,556,1,1,1,7313,277500
3569,2452,1132,1117,8,5,4,4,20,19,3.5,3,691,1,1,1,13418,309000
2194,1097,1097,1097,5,5,3,3,30,29,1.5,2,672,0,1,1,10859,145000
2594,1297,1297,1297,5,6,3,3,70,34,1.5,2,498,1,1,1,8532,153000
2114,1057,1057,1057,5,7,3,4,71,17,2.0,1,246,0,1,1,7922,109000
1152,1152,1152,0,4,5,3,2,69,69,2.0,0,0,0,0,0,6040,82000
2412,1324,1324,1088,6,5,3,3,59,59,2.0,2,440,1,1,1,8658,160000
2678,1328,1328,1350,5,6,3,3,65,65,2.0,1,308,2,1,1,16905,170000
1724,884,884,840,5,7,3,4,41,41,2.0,2,504,0,1,1,9180,144000
1876,938,938,938,5,6,3,3,49,44,2.0,1,308,0,1,1,9200,130250
2300,1150,1150,1150,5,6,3,3,65,65,2.0,1,300,0,1,1,7945,141000
3504,1752,1752,1752,9,5,5,5,19,19,3.0,2,576,1,1,1,7658,319900
3583,2149,1518,1434,7,5,4,4,21,21,2.5,2,670,1,1,1,12822,239686
3312,1656,1656,1656,8,5,4,4,18,18,2.0,3,826,0,1,1,11096,249700
2188,1452,736,736,4,5,3,3,104,16,2.0,0,0,0,1,0,4456,113000
1910,955,955,955,5,7,3,3,58,58,2.0,1,386,0,1,1,7742,127000
2264,1470,794,794,6,6,3,3,27,27,2.5,2,388,0,1,1,13869,177000
1632,1176,816,816,6,6,3,3,90,74,1.0,2,528,1,1,1,6240,114500
1632,816,816,816,5,5,2,3,61,61,2.0,2,516,0,1,1,8472,110000
3684,1842,1842,1842,9,5,4,4,43,37,2.5,3,894,1,1,1,50271,385000
1744,1360,1360,384,5,5,3,3,69,69,1.0,2,572,1,1,1,7134,130000
2850,1425,1425,1425,6,5,3,3,60,60,2.0,2,576,1,1,1,10175,180500
2709,1739,983,970,8,5,4,4,25,24,3.5,2,480,0,1,1,2645,172500
2580,1720,860,860,7,5,4,4,20,20,2.5,2,565,0,1,1,11645,196500
4355,2945,1426,1410,10,5,5,4,18,18,3.5,3,641,1,1,1,13682,438780
1560,780,780,780,5,7,3,3,52,52,1.0,1,352,0,1,1,7200,124900
2316,1158,1158,1158,6,5,3,4,20,20,2.5,2,576,0,1,1,13072,158000
1641,1111,581,530,5,7,3,2,104,28,1.0,1,288,0,1,1,7200,101000
2740,1370,1370,1370,8,5,4,4,18,18,2.0,2,484,1,1,1,6442,202500
2286,1710,902,576,7,6,3,3,103,74,2.0,2,480,0,1,1,10300,140000
3091,2034,1057,1057,7,5,3,4,27,26,3.5,2,645,0,1,1,9375,219500
3616,2473,1143,1143,8,5,4,4,20,19,2.5,3,852,1,1,1,9591,317000
4154,2207,2207,1947,7,5,3,3,54,35,3.0,2,576,1,1,1,19900,180000
2932,1479,1479,1453,7,5,4,4,21,21,3.0,2,558,0,1,1,10665,226000
1494,747,747,747,4,6,3,3,79,74,1.0,1,220,0,1,1,4608,80000
3591,2287,1304,1304,7,4,4,3,71,71,2.0,2,667,1,1,1,15593,225000
4446,2223,2223,2223,7,6,3,3,51,51,3.0,2,516,2,1,1,13651,244000
1690,845,845,845,4,6,3,3,42,18,2.0,2,360,0,1,1,7599,129500
2550,1718,885,832,7,5,3,3,26,26,2.5,2,427,1,1,1,10141,185000
2172,1086,1086,1086,5,7,3,3,70,21,2.0,2,490,0,1,1,10200,144900
2445,1605,840,840,3,6,4,3,109,74,2.0,1,379,0,1,1,5790,107400
1450,988,526,462,4,5,3,3,51,51,2.0,1,297,0,1,1,1596,91000
1904,952,952,952,4,7,3,3,68,68,1.0,1,283,0,1,1,8475,135750
1957,1285,1072,672,5,5,3,3,76,23,2.0,1,240,0,1,1,8635,127000
3536,1768,1768,1768,4,5,3,3,56,56,2.0,0,0,0,1,0,10778,136500
1670,1230,682,440,5,6,3,3,114,43,1.5,2,440,0,1,1,10440,110000
3038,2142,1182,896,6,6,3,4,56,56,2.5,1,509,1,1,1,13000,193500
2574,1337,1337,1237,6,5,3,3,26,26,3.0,2,405,0,1,1,4500,153500
3126,1563,1563,1563,8,5,3,4,17,17,2.0,3,758,1,1,1,10206,245000
2130,1065,1065,1065,5,5,3,3,64,64,1.5,2,461,0,1,1,8892,126500
1858,1474,804,384,7,5,3,3,29,28,2.5,2,400,1,1,1,8530,168500
3705,2417,1301,1288,8,5,4,4,33,32,2.5,2,462,1,1,1,16059,260000
2244,1560,684,684,6,5,4,4,19,19,2.5,2,400,1,1,1,11911,174000
1836,1224,612,612,6,5,4,4,15,15,2.5,2,528,0,1,1,3951,164500
2026,1526,1013,1013,3,2,2,2,109,42,1.0,0,0,0,1,0,8470,85000
1980,990,990,990,4,5,3,3,30,29,2.0,0,0,0,1,0,8070,123600
1040,1040,1040,0,4,5,3,3,74,74,1.0,2,420,0,0,1,7200,109900
2470,1235,1235,1235,5,3,3,3,63,63,1.0,2,480,0,1,1,8500,98600
1840,964,964,876,5,7,3,3,103,18,2.0,2,432,0,1,1,13360,163500
3505,2291,1260,1214,6,6,3,3,114,26,2.5,2,506,1,1,1,7200,133900
2610,1786,905,824,6,5,3,4,27,27,3.5,2,684,0,1,1,9337,204750
2150,1470,680,680,6,8,5,3,31,31,2.5,2,420,1,1,1,9765,185000
3176,1588,1588,1588,7,5,4,4,25,25,2.0,2,472,0,1,1,10264,214000
1920,960,960,960,4,5,3,3,59,59,2.0,1,432,0,1,1,10921,94750
1293,835,835,458,5,5,3,3,104,74,1.0,1,366,0,1,1,10625,83000
2175,1225,1225,950,4,5,3,3,65,65,2.5,0,0,0,1,0,9320,128950
3220,1610,1610,1610,6,7,3,4,47,23,3.0,2,480,2,1,1,10603,205000
2473,1732,977,741,6,5,4,4,39,39,2.5,2,476,1,1,1,9206,178000
1535,1535,1535,0,5,5,3,3,45,45,2.0,2,410,0,0,1,7018,118964
2452,1226,1226,1226,7,5,3,4,15,15,2.0,3,740,0,1,1,10402,198900
2858,1818,1226,1040,7,4,3,3,93,74,1.5,1,240,2,1,1,7758,169500
3045,1992,1053,1053,8,5,4,4,21,20,2.5,2,648,1,1,1,9375,250000
1688,1047,1047,641,4,7,3,3,139,29,1.0,1,273,0,1,1,10800,100000
1578,789,789,789,5,5,3,3,76,74,1.0,1,250,0,1,1,6000,115000
2310,1517,997,793,5,7,3,2,105,19,2.0,0,0,0,1,0,8500,115000
3688,1844,1844,1844,6,6,3,3,47,47,2.0,2,546,1,1,1,11751,190000
2849,1855,1216,994,6,4,3,3,70,52,2.0,1,325,0,1,1,9525,136900
1814,1430,774,384,7,5,3,3,24,24,2.5,2,400,1,1,1,7750,180000
3960,2696,1282,1264,7,5,4,5,17,17,3.5,3,792,1,1,1,9965,383970
4068,2259,2259,1809,6,5,3,4,71,71,3.0,2,450,2,1,1,21000,217000
3348,2320,1436,1028,6,8,3,4,79,22,3.5,1,180,1,1,1,7259,259500
2187,1458,729,729,6,5,3,3,25,25,2.5,2,440,1,1,1,3230,176000
2184,1092,1092,1092,5,5,3,3,62,62,1.5,1,288,1,1,1,11616,139000
2250,1125,1125,1125,5,5,3,3,18,17,1.5,2,430,0,1,1,8536,155000
4895,3222,1699,1673,7,5,3,4,34,34,4.0,3,594,2,1,1,12376,320000
2184,1456,728,728,6,5,4,4,19,18,2.5,2,390,1,1,1,8461,163990
1926,988,988,938,6,5,3,3,55,55,2.0,2,540,2,1,1,21453,180000
1855,1123,772,732,4,5,3,3,85,74,1.0,1,264,0,1,1,6060,100000
2160,1080,1080,1080,6,7,3,3,66,66,1.0,1,288,0,1,1,9464,136000
2398,1199,1199,1199,6,5,4,4,31,31,2.0,2,530,0,1,1,7892,153900
2948,1586,1586,1362,6,5,3,3,45,26,2.0,2,435,1,1,1,17043,181000
1040,754,520,520,6,8,3,3,89,42,2.0,0,0,0,1,0,6780,84500
2036,958,958,1078,6,5,3,3,48,48,2.0,2,440,1,1,1,4928,128000
1512,840,840,672,5,7,3,3,94,74,1.0,0,0,1,1,0,4388,87000
2008,1348,660,660,6,5,3,3,58,58,1.5,2,453,1,1,1,7590,155000
2061,1053,1053,1008,5,7,3,5,66,33,2.0,2,750,0,1,1,8973,150000
3081,2157,1216,924,7,6,3,4,58,58,2.5,2,487,2,1,1,14200,226000
3046,2054,1022,992,6,5,4,4,24,24,3.5,2,390,1,1,1,12224,244000
2390,1327,1327,1063,5,6,3,4,65,22,2.0,2,624,0,1,1,7388,150750
2563,1296,1296,1267,8,5,4,4,23,22,3.0,2,471,0,1,1,6853,220000
3182,1721,1721,1461,5,6,3,3,56,31,2.5,2,440,1,1,1,10335,180000
2986,1682,1682,1304,7,6,3,3,54,54,2.0,2,530,1,1,1,10400,174000
2428,1214,1214,1214,5,5,3,3,57,57,2.0,1,318,1,1,1,10355,143000
3866,1959,1959,1907,7,5,3,3,36,35,3.0,3,766,0,1,1,11070,171000
2856,1852,1004,1004,8,5,4,4,25,24,2.5,3,660,2,1,1,9066,230000
2692,1764,928,928,6,5,3,4,27,27,3.5,2,470,0,1,1,15426,231500
1728,864,864,864,4,5,3,3,53,53,1.0,0,0,1,1,0,10500,115000
3468,1734,1734,1734,7,5,4,4,19,19,3.0,2,660,0,1,1,11645,260000
2295,1385,910,910,5,4,3,3,72,72,2.0,2,720,0,1,1,8520,166000
2991,1501,1501,1490,7,5,4,4,25,25,3.0,2,577,0,1,1,10335,204000
3456,1728,1728,1728,5,5,3,3,61,61,3.0,2,504,0,1,1,9100,125000
2679,1709,970,970,6,5,4,4,20,18,2.0,2,380,0,1,1,2522,130000
1590,875,875,715,5,7,3,3,93,31,2.0,1,180,0,1,1,6120,105000
2919,2035,884,884,7,5,4,4,23,23,2.5,2,434,1,1,1,9505,222500
2160,1080,1080,1080,7,5,3,4,20,19,2.0,0,0,0,1,0,7500,141000
2240,1344,896,896,5,4,3,3,88,74,1.0,1,240,0,1,1,6240,115000
1938,969,969,969,5,6,3,3,49,49,1.5,2,440,0,1,1,10356,122000
3420,1710,1710,1710,8,5,4,4,17,16,3.0,3,866,1,1,1,13891,372402
2818,1993,1097,825,6,5,3,3,53,53,2.5,2,495,1,1,1,14803,190000
2854,1252,1252,1602,6,7,3,3,64,49,2.0,2,564,1,1,1,13500,235000
2400,1200,1200,1200,6,5,3,3,101,74,1.0,1,312,0,1,1,11340,125000
1668,1096,572,572,6,5,3,3,100,74,1.0,0,0,0,1,0,9600,79000
1040,1040,1040,0,5,7,3,3,74,74,1.0,2,625,0,0,1,7200,109500
2742,1968,774,774,8,5,4,5,15,14,2.5,3,680,1,1,1,12003,269500
2938,1947,991,991,7,5,4,4,20,19,2.5,2,678,1,1,1,12552,254900
3854,2462,1392,1392,7,5,4,4,19,18,3.5,2,576,1,1,1,19378,320000
2464,1232,1232,1232,6,6,3,3,40,40,2.0,2,516,0,1,1,11120,162500
4240,2668,1572,1572,9,5,4,5,21,20,3.5,3,726,2,1,1,13688,412500
3082,1541,1541,1541,7,5,4,4,19,19,2.0,2,532,1,1,1,12182,220000
1764,882,882,882,4,6,3,3,68,68,1.0,0,0,0,1,0,5500,103200
2765,1616,1149,1149,6,7,3,4,98,20,2.0,1,216,0,1,1,5400,152000
1999,1355,808,644,5,7,3,3,84,25,3.0,0,0,0,1,0,10106,127500
3484,1867,1867,1617,5,5,4,3,69,31,2.0,1,303,3,1,1,10708,190000
3743,2161,1610,1582,8,5,4,5,17,17,2.5,3,789,1,1,1,10562,325624
2560,1720,840,840,7,5,4,4,20,20,2.5,2,440,1,1,1,8244,183500
3393,1707,1707,1686,8,6,4,3,43,43,2.5,2,511,1,1,1,16669,228000
1574,1382,854,720,5,6,3,3,83,74,1.5,2,660,0,1,1,12358,128500
2736,1656,1656,1080,6,5,3,3,64,64,2.0,2,528,2,1,1,31770,215000
2831,1767,1064,1064,7,7,4,4,37,37,3.0,2,504,1,1,1,5306,239000
2724,1362,1362,1362,6,5,3,3,63,63,2.5,2,504,1,1,1,10197,163000
3257,1651,1651,1606,6,5,3,3,38,38,3.0,2,616,1,1,1,12416,184000
3360,2158,2158,1202,6,7,3,4,74,23,3.0,2,576,1,1,1,12615,243000
3211,2060,1164,1151,6,5,4,3,36,35,3.0,2,521,1,1,1,10029,211000
2972,1920,1252,1052,5,5,4,4,66,66,3.0,2,451,1,1,1,13650,172500
4450,2234,2234,2216,9,5,5,5,16,15,3.0,3,1166,1,1,1,17423,501837
1936,968,968,968,5,6,4,3,101,18,1.0,2,480,0,1,1,8520,100000
2281,1525,769,756,6,5,4,4,24,24,2.5,2,440,1,1,1,2117,177000
2595,1802,901,793,7,6,3,3,104,74,1.5,1,216,1,1,1,7588,200100
1340,1340,1340,0,5,6,3,3,67,18,1.0,1,252,1,0,1,9060,120000
3444,2082,1362,1362,7,5,3,4,21,21,2.5,2,484,0,1,1,11426,200000
1756,1252,936,504,5,8,3,3,116,33,1.0,2,576,0,1,1,7438,127000
4143,3608,1518,1107,10,9,4,5,132,31,2.5,3,840,2,1,1,22950,475000
2405,1217,1217,1188,7,5,3,4,34,33,3.0,2,497,0,1,1,9947,173000
2172,1656,808,660,5,7,3,3,108,37,2.5,1,180,0,1,1,10410,135000
2310,1224,1224,1086,5,5,3,3,45,45,3.0,2,528,2,1,1,7018,153337
3186,1593,1593,1593,8,5,4,5,23,22,2.5,2,682,1,1,1,4923,286000
3580,2727,1549,853,8,8,4,4,92,30,2.5,2,440,2,1,1,10570,315000
2204,1479,725,725,7,9,3,4,52,20,2.5,2,484,0,1,1,7472,184000
2862,1431,1431,1431,7,5,4,4,25,25,3.0,2,666,0,1,1,9017,192000
2679,1709,970,970,7,5,4,4,20,20,2.0,2,380,0,1,1,2522,130000
1728,864,864,864,5,7,3,3,52,52,1.0,1,352,0,1,1,7180,127000
2311,1456,855,855,6,6,3,3,48,48,2.5,2,440,1,1,1,2280,148500
3452,1726,1726,1726,7,5,5,5,17,17,3.0,3,786,1,1,1,9416,311872
4080,3112,1360,1360,8,4,4,4,106,34,3.5,2,795,1,1,1,25419,235000
2613,2229,929,755,6,6,3,3,112,74,1.0,0,0,0,1,0,5520,104000
3426,1713,1713,1713,8,5,4,5,20,19,3.0,3,856,1,1,1,9591,274900
2242,1121,1121,1121,4,5,3,3,21,20,2.0,2,440,0,1,1,8546,140000
2475,1279,1279,1196,6,6,3,3,47,47,2.5,2,473,2,1,1,10125,171500
1927,1310,865,617,6,6,3,3,100,74,2.0,1,398,0,1,1,7000,112000
1696,848,848,848,6,5,4,4,20,20,2.0,2,420,1,1,1,4438,149000
2004,1284,720,720,5,7,3,3,77,74,1.5,1,240,0,1,1,3500,110000
2866,1442,1442,1424,7,5,3,3,34,34,2.0,2,500,0,1,1,11851,180500
2836,1696,1696,1140,5,5,3,3,62,62,1.5,1,349,1,1,1,13673,143900
2200,1100,1100,1100,4,5,3,3,64,64,2.0,1,312,1,1,1,12493,141000
3219,2062,1180,1157,7,5,4,3,36,35,3.5,2,454,1,1,1,14364,277000
2184,1092,1092,1092,6,7,3,3,60,60,2.0,2,504,0,1,1,8250,145000
1728,864,864,864,5,6,3,3,99,74,2.0,0,0,0,1,0,5604,98000
2424,1212,1212,1212,6,5,3,4,15,15,2.0,2,460,0,1,1,10420,186000
2752,1852,932,900,7,5,3,4,15,15,3.5,2,644,1,1,1,8640,252678
1980,990,990,990,5,5,3,3,29,29,1.5,2,576,0,1,1,13568,156000
2081,1392,689,689,6,7,3,3,47,47,1.5,1,299,0,1,1,10900,161750
2306,1236,1236,1070,5,6,3,4,67,28,1.5,1,447,1,1,1,10011,134450
2872,1436,1436,1436,7,5,4,4,20,20,3.0,2,484,0,1,1,8450,210000
2014,1328,810,686,4,4,3,3,99,74,1.0,1,210,0,1,1,9906,107000
2752,1954,1137,798,7,9,4,4,85,18,2.0,2,431,2,1,1,15660,311500
2496,1248,1248,1248,7,5,4,4,19,18,2.0,2,438,0,1,1,3010,167240
2996,1498,1498,1498,7,5,4,4,18,18,2.0,2,675,0,1,1,8990,204900
3277,2267,1010,1010,6,5,4,4,22,22,2.5,2,390,1,1,1,8068,200000
2265,1552,811,713,6,6,3,3,49,49,3.5,2,434,1,1,1,11475,179900
1728,864,864,864,4,6,3,3,53,53,1.0,2,576,0,1,1,10500,97000
4784,2392,2392,2392,10,5,5,5,21,21,2.0,3,968,1,1,1,13472,386250
1932,1302,630,630,5,5,3,3,53,53,2.5,1,280,0,1,1,1680,112000
3723,2520,1214,1203,7,5,4,4,29,29,2.5,3,721,1,1,1,9950,290000
1470,987,483,483,6,6,3,3,54,54,1.5,1,280,0,1,1,1869,106000
1824,912,912,912,5,5,3,3,57,57,1.0,1,336,1,1,1,8521,125000
2928,1555,1555,1373,7,5,4,4,19,18,2.0,2,430,1,1,1,3182,192500
2388,1194,1194,1194,6,6,3,3,65,65,2.0,1,312,0,1,1,8760,148000
4256,2794,1490,1462,8,5,4,5,29,28,3.5,3,810,1,1,1,15138,403000
1470,987,483,483,6,5,3,3,52,52,1.5,1,288,1,1,1,1680,94500
1788,894,894,894,5,6,3,3,48,48,2.0,1,308,0,1,1,10650,128200
2820,1960,860,860,6,5,4,4,22,22,3.5,2,440,2,1,1,7851,216500
1470,987,483,483,6,3,3,3,53,53,1.5,1,264,0,1,1,1680,89500
2828,1414,1414,1414,7,5,4,4,20,20,2.0,2,494,0,1,1,8773,185500
2740,1744,1014,996,7,7,4,4,31,21,2.5,2,457,0,1,1,9453,194500
3388,1694,1694,1694,8,5,5,4,17,17,2.0,3,818,0,1,1,12030,318000
2222,1487,798,735,6,4,3,3,79,74,1.5,1,220,1,1,1,8741,113000
3132,1566,1566,1566,8,5,4,4,16,16,3.0,2,750,0,1,1,9000,262500
1552,866,866,686,5,9,3,4,79,27,1.0,0,0,0,1,0,3880,110500
1980,1440,889,540,5,4,3,3,124,74,1.0,1,352,0,1,1,5000,79000
1843,1217,626,626,6,6,3,3,44,44,1.5,1,288,1,1,1,10762,120000
3058,2110,1222,948,7,5,4,4,30,22,3.5,2,463,2,1,1,8880,205000
3717,1872,1872,1845,7,5,3,3,36,36,2.5,2,604,1,1,1,10400,241500
2948,1928,908,1020,6,8,3,2,114,74,2.0,1,440,0,1,1,9142,137000
2742,1375,1375,1367,6,5,3,3,70,70,1.0,2,451,1,1,1,11310,140000
2508,1668,840,840,7,5,4,4,21,21,2.5,2,500,0,1,1,11317,180000
3588,2144,1444,1444,6,7,4,4,66,18,2.5,2,389,2,1,1,159000,277000
2034,1306,1306,728,3,2,3,2,84,58,1.0,0,0,0,1,0,5350,76500
3198,1625,1625,1573,8,5,4,4,18,17,3.5,2,538,1,1,1,4750,235000
2438,1640,798,798,6,5,4,4,20,20,2.5,2,520,0,1,1,8366,173000
2604,1302,1302,1302,6,7,3,4,60,33,2.5,1,309,0,1,1,9350,158000
2628,1314,1314,1314,5,6,3,3,67,67,2.0,1,294,0,1,1,8400,145000
3266,2291,1005,975,7,5,4,4,25,25,2.5,2,429,1,1,1,8738,230000
2592,1728,864,864,6,5,4,4,21,21,2.5,2,673,0,1,1,8791,207500
3208,1604,1604,1604,7,5,4,4,18,18,3.5,2,660,1,1,1,8814,220000
2755,1792,963,963,7,5,4,4,23,23,2.5,2,564,1,1,1,12435,231500
882,882,882,0,5,5,3,3,68,68,1.0,1,308,0,0,1,12702,97000
2744,1382,1382,1362,6,5,3,3,62,62,2.0,2,884,1,1,1,19296,176000
4056,2574,1482,1482,8,5,4,5,17,17,2.5,3,868,1,1,1,9588,276000
1718,1212,1212,506,6,7,3,3,47,29,2.0,2,492,1,1,1,8471,151000
1852,1316,926,926,5,7,3,3,95,23,2.0,2,484,0,1,1,5500,130000
1444,764,764,680,5,5,3,3,99,20,1.0,2,504,0,1,1,5232,73000
2844,1422,1422,1422,6,6,3,4,43,43,2.0,2,576,1,1,1,12090,175500
2313,1511,802,802,6,5,3,3,27,27,3.5,2,413,1,1,1,11207,185000
2492,2192,1052,720,5,8,3,4,85,27,2.5,1,240,1,1,1,8400,179500
1518,778,778,740,5,6,3,3,84,69,1.0,1,924,1,1,1,6900,120500
2256,1113,1113,1143,6,7,3,3,48,48,2.5,1,504,1,1,1,7917,148000
3034,1939,1095,1095,8,5,4,4,18,18,2.5,3,1053,1,1,1,10728,266000
2748,1363,1363,1385,7,7,3,3,70,19,2.0,2,439,2,1,1,39104,241500
3422,2270,1164,1152,8,7,4,4,25,17,2.5,3,671,1,1,1,11764,290000
2872,1632,1632,1240,6,6,3,3,66,36,3.0,1,338,1,1,1,9600,139000
1632,816,816,816,5,7,3,3,42,42,1.0,1,264,0,1,1,8314,124500
2500,1548,952,952,7,7,4,5,99,17,2.5,2,672,0,1,1,7264,205000
3120,1560,1560,1560,7,5,4,4,21,21,2.0,2,573,0,1,1,9196,201000
1728,864,864,864,4,5,3,3,73,73,1.0,2,400,0,1,1,19138,141000
4242,2121,2121,2121,9,5,5,5,18,17,2.5,3,732,1,1,1,14450,415298
3182,2022,1156,1160,7,5,3,3,47,47,2.5,2,505,1,1,1,10005,192000
2789,1982,1175,807,7,6,4,4,35,35,2.5,2,575,1,1,1,11287,228500
2524,1262,1262,1262,6,5,4,4,18,18,2.0,2,572,0,1,1,7200,185000
2628,1314,1314,1314,7,5,4,4,17,16,3.0,2,626,1,1,1,5063,207500
2936,1468,1468,1468,8,5,4,4,16,15,2.0,3,898,1,1,1,9612,244600
3150,1575,1575,1575,6,5,4,4,32,32,3.0,2,529,0,1,1,8012,179200
1875,1250,625,625,7,5,4,4,18,17,2.5,2,528,0,1,1,4251,164700
2646,1734,1085,912,6,7,3,4,62,43,1.5,2,440,1,1,1,9786,159000
1716,858,858,858,4,4,3,3,53,53,1.0,0,0,0,1,0,8125,88000
1782,900,900,882,5,5,3,3,57,57,1.0,1,280,0,1,1,9819,122000
2094,1396,698,698,6,7,3,3,109,21,1.0,1,384,0,1,1,8730,153575
2998,1919,1079,1079,8,5,4,4,18,18,2.5,2,685,1,1,1,15611,233230
2496,1716,936,780,5,6,3,2,112,24,3.0,0,0,0,1,0,5687,135900
2484,1716,1148,768,5,4,3,3,75,16,1.5,1,281,1,1,1,11409,131000
3058,2263,1468,795,7,7,3,4,47,30,3.5,2,539,1,1,1,16659,235000
3060,1644,1644,1416,6,5,3,3,71,71,2.0,2,418,2,1,1,9600,167000
2006,1003,1003,1003,6,6,3,3,40,40,2.0,2,588,0,1,1,7937,142500
2468,1558,910,910,5,5,3,3,74,74,1.5,1,282,0,1,1,13710,152000
2925,1950,975,975,7,5,4,4,27,26,2.5,2,576,1,1,1,7399,239000
2445,1743,1041,702,6,6,4,3,56,56,2.5,2,539,1,1,1,11700,175000
2244,1152,1152,1092,6,8,3,4,74,20,1.5,1,300,1,1,1,14000,158500
2501,1336,1336,1165,5,5,3,3,71,71,2.0,1,375,2,1,1,15750,157000
3480,2452,1210,1028,8,5,4,4,26,25,2.5,2,683,1,1,1,16226,267000
3082,1541,1541,1541,7,5,4,4,23,22,2.0,3,843,1,1,1,13704,205000
1788,894,894,894,5,7,3,3,52,52,2.0,2,552,0,1,1,9800,149900
4963,3493,1675,1470,7,9,3,4,144,22,3.0,3,870,1,1,1,18386,295000
4000,2000,2000,2000,8,5,4,4,20,19,3.0,3,888,0,1,1,10386,305900
2943,2243,1122,700,7,5,4,4,34,33,3.5,3,746,1,1,1,13474,225000
1725,1406,1035,319,6,7,3,2,104,74,1.0,0,0,0,1,0,7920,89500
1722,861,861,861,4,5,3,3,84,74,1.0,2,539,0,1,1,12342,82500
3840,1944,1944,1896,9,5,4,5,21,20,3.0,3,708,3,1,1,12378,360000
2198,1501,697,697,6,5,3,4,31,30,2.5,2,420,1,1,1,7685,165600
1944,972,972,972,6,6,3,3,76,22,2.0,1,240,1,1,1,8000,132000
1911,1118,793,793,5,7,3,3,85,74,2.0,2,410,1,1,1,7800,119900
4172,2036,2036,2136,7,5,3,3,59,59,4.0,2,513,2,1,1,215245,375000
2369,1641,832,728,7,7,3,5,99,34,2.0,2,546,1,1,1,9600,178000
2148,1432,716,716,7,5,4,4,20,19,3.5,2,432,1,1,1,7795,188500
3198,2353,1153,845,7,7,4,5,44,44,3.5,2,484,1,1,1,13005,260000
3047,1959,1088,1088,8,5,4,4,18,18,2.5,3,1025,1,1,1,9000,270000
3993,2646,1372,1347,7,5,4,4,31,31,3.5,3,656,1,1,1,9900,260000
2844,1472,1472,1372,7,5,3,3,44,44,3.0,2,588,2,1,1,14115,187500
3845,2596,1249,1249,9,5,3,4,18,18,3.5,3,840,0,1,1,16259,342643
3604,2468,1136,1136,8,5,4,4,20,20,3.5,3,872,1,1,1,12099,354000
4232,2730,1553,1502,7,5,4,4,38,37,3.5,2,576,1,1,1,10380,301000
2325,1163,1163,1162,3,8,3,3,69,19,2.0,1,220,0,1,1,5820,126175
3688,2978,1898,710,7,7,4,4,57,17,2.5,2,564,1,1,1,11275,242000
1523,803,803,720,5,6,3,3,83,74,1.0,2,360,0,1,1,5000,87000
3438,1719,1719,1719,8,5,4,4,31,31,3.5,2,473,2,1,1,10846,324000
2766,1383,1383,1383,6,5,3,3,64,64,1.5,1,292,0,1,1,11600,145250
2978,2134,1445,844,6,6,3,4,108,30,2.0,2,441,0,1,1,11888,214500
1788,1192,596,596,5,5,3,3,104,74,1.0,1,189,0,1,1,6402,78000
3456,1728,1728,1728,5,4,3,3,60,60,2.5,1,352,0,1,1,10624,119000
2112,1056,1056,1056,5,6,3,3,66,32,2.0,1,308,0,1,1,8176,139000
4835,1629,1629,3206,8,5,4,4,21,20,3.0,3,880,1,1,1,10655,284000
2716,1358,1358,1358,7,5,4,4,20,20,3.0,2,484,1,1,1,8198,207000
2581,1638,943,943,6,5,3,3,26,26,3.5,2,472,2,1,1,9042,192000
3285,1786,1619,1499,5,6,3,3,59,59,4.0,2,529,2,1,1,164660,228950
3844,1922,1922,1922,9,5,4,4,19,18,3.0,3,676,1,1,1,14157,377426
3072,1536,1536,1536,7,5,4,4,22,21,3.0,2,532,0,1,1,9135,214000
2829,1621,1621,1208,7,7,4,4,40,26,3.0,2,440,0,1,1,14145,202500
2430,1215,1215,1215,6,7,3,3,66,26,1.0,1,297,0,1,1,12400,155000
2875,1908,993,967,8,5,4,4,22,22,2.5,2,431,0,1,1,14191,202900
1562,841,841,721,4,4,2,3,74,74,1.0,1,294,0,1,1,8400,82000
1040,1040,1040,0,3,4,3,3,75,74,2.0,2,400,0,0,1,8544,87500
3368,1684,1684,1684,9,5,5,5,19,19,2.0,2,564,1,1,1,8849,266000
1648,1112,536,536,5,3,3,3,48,48,1.5,1,336,0,1,1,2592,85000
2549,1577,972,972,6,5,3,2,85,74,1.0,1,312,1,1,1,6435,140200
1916,958,958,958,6,8,3,3,64,26,1.0,1,301,0,1,1,12772,151500
2956,1478,1478,1478,6,5,3,3,64,64,3.0,2,498,2,1,1,17600,157500
2390,1626,764,764,7,5,4,4,21,20,3.5,2,474,0,1,1,2448,154000
4576,2728,1848,1848,9,5,5,5,19,18,3.5,3,706,2,1,1,20431,437154
3738,1869,1869,1869,9,5,5,5,17,17,2.0,2,617,1,1,1,7820,318061
2906,1453,1453,1453,7,5,3,4,38,38,2.5,2,445,1,1,1,5271,190000
1727,1111,616,616,5,6,3,3,83,74,1.5,1,200,0,1,1,9084,95000
1344,720,720,624,6,8,3,3,96,21,1.0,2,484,0,1,1,8520,105900
2535,1595,1192,940,6,5,3,3,84,24,1.0,1,240,2,1,1,8400,140000
2400,1200,1200,1200,6,5,4,4,29,29,3.0,2,521,0,1,1,11249,177500
2325,1167,1167,1158,6,6,3,4,32,32,3.0,2,400,0,1,1,9248,173000
2284,1142,1142,1142,5,5,3,3,48,48,2.5,2,528,1,1,1,4224,134000
2414,1352,1352,1062,5,4,3,4,66,66,1.5,1,288,0,1,1,6930,130000
3010,1924,1086,1086,8,5,4,4,26,26,3.5,2,592,1,1,1,12011,280000
1800,912,912,888,6,6,3,3,46,46,2.0,2,470,1,1,1,7540,156000
2388,1505,988,883,5,5,3,3,84,42,2.0,1,240,0,1,1,9144,145000
1922,1922,495,0,7,5,4,4,21,21,3.0,2,672,1,0,1,7301,198500
1470,987,483,483,6,8,3,4,52,17,1.5,1,264,0,1,1,1680,118000
2370,1574,790,796,6,5,3,3,48,48,3.5,2,566,1,1,1,18800,190000
2016,1344,672,672,5,7,3,3,104,27,1.0,1,468,0,1,1,10690,147000
2788,1394,1394,1394,6,5,3,3,61,61,2.5,2,514,2,1,1,9500,159000
2530,1431,1431,1099,6,5,3,3,62,62,1.5,1,296,1,1,1,9150,165000
2536,1268,1268,1268,5,6,3,3,70,70,1.0,1,244,1,1,1,7800,132000
2350,1287,1287,1063,5,7,3,4,65,18,2.0,2,576,1,1,1,9830,162000
2617,1664,953,953,6,5,3,3,24,24,2.5,2,460,1,1,1,8121,172400
1588,1588,1120,0,4,4,3,3,65,65,2.0,2,680,1,0,1,17120,134432
1496,752,752,744,6,5,3,3,40,40,2.0,1,264,0,1,1,7175,125000
1927,1319,1319,608,5,6,3,3,71,71,2.0,1,270,0,1,1,10634,123000
2775,1928,847,847,7,5,4,4,21,20,2.5,2,434,1,1,1,8200,219500
1587,904,904,683,1,1,2,2,102,74,1.5,0,0,0,1,0,10020,61000
1784,914,914,870,5,5,4,3,28,28,1.0,2,576,0,1,1,8846,148000
4046,2466,1580,1580,8,5,4,4,20,19,3.0,2,610,1,1,1,11143,340000
3712,1856,1856,1856,9,2,4,5,14,14,2.5,3,834,1,1,1,11394,394432
2782,1800,1007,982,6,5,3,3,24,24,2.5,2,463,1,1,1,8123,179000
2717,1691,1026,1026,5,6,3,4,100,74,2.0,1,308,1,1,1,5000,127000
2594,1301,1301,1293,7,5,4,4,18,18,3.0,2,572,1,1,1,7200,187750
2736,1797,939,939,7,5,4,4,18,18,2.5,2,639,0,1,1,9245,213500
1568,784,784,784,6,3,3,3,96,74,1.0,2,360,0,1,1,9000,76000
3533,1953,1079,1580,6,5,4,4,32,32,3.5,2,501,2,1,1,53107,240000
2525,1269,1269,1256,8,5,4,4,20,19,2.0,2,430,1,1,1,3182,192000
1842,1184,658,658,5,3,3,3,114,28,1.0,0,0,0,1,0,8410,81000
2166,1125,1125,1041,6,6,3,3,48,48,2.0,1,352,1,1,1,7200,125000
2947,1479,1479,1468,7,5,4,4,25,24,2.0,2,577,0,1,1,9382,191000
4014,2332,1742,1682,10,5,5,5,17,16,3.5,3,846,1,1,1,12474,426000
2228,1367,961,861,5,8,3,3,124,74,2.0,1,384,0,1,1,8405,119000
2765,1961,804,804,6,5,3,4,23,22,3.5,2,560,1,1,1,12209,215000
882,882,882,0,5,7,3,3,65,65,1.0,1,294,0,0,1,8339,106500
1576,788,788,788,4,5,3,3,83,74,1.0,0,0,2,1,0,7446,100000
1769,1034,735,735,5,6,3,3,84,74,1.0,1,240,0,1,1,10134,109000
2288,1144,1144,1144,5,6,3,3,68,68,2.0,1,596,0,1,1,9571,129000
1788,894,894,894,5,5,3,3,52,52,1.0,2,600,0,1,1,7200,123000
2676,1812,876,864,5,5,3,3,62,62,2.0,1,264,1,1,1,7590,169500
2038,1077,1077,961,5,2,3,3,104,74,1.0,1,338,0,1,1,8967,67000
2642,1550,1112,1092,7,5,4,4,18,17,3.0,2,438,0,1,1,8125,241000
2548,1288,1288,1260,8,5,4,5,28,28,2.5,2,500,2,1,1,14963,245500
2620,1310,1310,1310,7,5,4,4,19,19,2.0,2,400,1,1,1,8767,164990
1344,672,672,672,5,8,3,3,84,27,1.0,1,240,0,1,1,10200,108000
3404,2263,1165,1141,8,5,4,4,26,26,2.5,2,420,1,1,1,12090,258000
2378,1572,806,806,6,5,3,3,29,28,2.5,2,373,1,1,1,10364,168000
2901,1620,1620,1281,4,4,3,3,48,31,3.0,2,490,1,1,1,9991,150000
2230,1639,1166,1064,6,5,3,3,88,74,1.0,1,240,0,1,1,10480,115000
2520,1680,840,840,6,7,3,3,109,48,2.0,1,308,0,1,1,15576,177000
3235,2172,1071,1063,7,5,4,4,18,18,2.5,3,947,1,1,1,14154,280000
3112,2078,1050,1034,8,5,4,5,17,16,3.5,3,836,1,1,1,10800,339750
2552,1276,1276,1276,5,3,3,3,66,66,1.0,1,350,0,1,1,9571,60000
2112,1056,1056,1056,5,5,3,3,69,69,2.0,2,572,0,1,1,34650,145000
2948,1478,1478,1470,7,5,5,4,15,15,3.5,2,484,1,1,1,4403,222000
2036,1028,1028,1008,5,6,3,3,97,74,1.0,2,360,1,1,1,8960,115000
3177,2097,1080,1080,7,5,4,4,31,31,3.0,3,678,1,1,1,11228,228000
2680,1340,1340,1340,7,5,4,4,17,17,2.0,2,396,0,1,1,8899,181134
2072,1400,672,672,6,7,3,3,46,46,1.5,2,440,1,1,1,7844,149500
3994,2624,1370,1370,6,6,3,3,106,74,3.5,3,864,1,1,1,22420,239000
1890,1134,756,756,5,6,3,3,84,74,2.5,1,240,0,1,1,8160,126000
2112,1056,1056,1056,5,6,3,3,56,56,2.0,1,304,1,1,1,8450,142000
2688,1344,1344,1344,7,5,3,3,27,26,4.0,4,784,0,1,1,7060,206300
3204,1602,1602,1602,6,7,4,4,47,24,2.5,2,529,1,1,1,16635,215000
1976,988,988,988,5,5,3,3,70,70,1.0,2,520,0,1,1,21750,113000
4100,2630,1470,1470,8,5,4,4,26,26,3.5,3,696,1,1,1,9200,315000
2392,1196,1196,1196,6,5,3,3,68,68,2.0,1,297,1,1,1,9000,139000
2040,1389,707,651,7,8,3,3,78,32,1.5,1,240,2,1,1,3378,135000
3162,1644,1644,1518,7,5,4,4,35,35,3.5,2,569,1,1,1,12800,275000
1814,907,907,907,4,6,3,3,67,67,1.0,1,352,0,1,1,8593,109008
2416,1208,1208,1208,7,5,4,4,17,17,3.0,2,628,0,1,1,6762,195400
2804,1412,1412,1392,6,5,3,4,36,36,3.0,2,576,1,1,1,11457,175000
1470,987,483,483,6,5,3,3,53,53,1.5,1,264,0,1,1,1680,85400
2099,1198,1088,901,6,7,3,3,104,26,1.0,0,0,0,1,0,5586,79900
2130,1365,765,765,5,5,3,3,53,53,2.5,2,440,0,1,1,1920,122500
2530,1604,926,926,6,5,3,3,27,26,2.5,2,470,1,1,1,10839,181000
1260,630,630,630,4,7,3,3,52,52,2.0,0,0,0,1,0,1890,81000
2460,1661,827,799,7,6,4,4,28,28,3.5,2,550,1,1,1,10667,212000
1766,1118,734,648,6,8,3,3,104,74,1.0,2,440,0,1,1,4400,116000
1788,904,904,884,6,7,4,3,98,20,1.0,1,180,0,1,1,6000,119000
1134,694,694,440,5,6,3,4,111,22,1.0,1,352,1,1,1,4280,90350
1880,1196,684,684,6,8,3,4,104,24,1.0,2,528,0,1,1,12354,110000
5496,2402,2402,3094,10,5,5,5,16,16,3.0,3,672,2,1,1,15431,555000
2880,1440,1440,1440,4,4,3,2,69,69,2.0,0,0,0,1,0,12108,118000
2651,1573,1128,1078,5,7,3,3,94,32,2.0,2,360,1,1,1,6240,162900
2516,1258,1258,1258,7,5,4,4,18,17,2.0,3,648,1,1,1,3922,172500
2823,1908,933,915,7,5,4,4,30,29,3.5,2,493,1,1,1,8750,210000
3125,1689,1689,1436,6,5,3,3,68,68,1.0,2,480,1,1,1,9855,127500
3405,1888,1888,1517,6,6,4,4,58,22,2.5,2,578,1,1,1,16492,190000
2816,1886,956,930,7,5,4,4,26,25,2.5,2,431,1,1,1,11214,199900
2156,1376,780,780,6,6,3,3,87,74,2.0,1,198,1,1,1,8600,119500
1832,1183,679,649,3,7,3,3,76,22,1.5,1,308,0,1,1,6000,120000
1626,813,813,813,6,8,3,4,94,19,1.0,1,270,0,1,1,5684,110000
3066,1533,1533,1533,7,5,3,4,49,49,3.0,2,576,2,1,1,70761,280000
2628,1756,888,872,6,5,4,3,28,27,3.5,2,422,0,1,1,9303,204000
2358,1590,786,768,8,5,4,4,16,16,2.5,2,676,0,1,1,9000,210000
3456,1728,1728,1728,5,5,3,3,48,48,4.0,2,560,0,1,1,9297,188000
2484,1242,1242,1242,7,6,3,3,51,51,1.5,2,528,1,1,1,9600,175500
1968,1344,624,624,5,5,3,3,108,74,1.0,3,513,0,1,1,4571,98000
3027,1663,1663,1364,4,6,3,4,70,30,2.0,2,529,2,1,1,53227,256000
2254,1666,833,588,8,7,3,4,99,28,1.0,1,228,1,1,1,5100,161000
1912,1203,979,709,5,4,3,4,74,74,2.0,1,352,1,1,1,7015,110000
2767,1935,832,832,8,5,4,3,15,15,3.5,2,552,0,1,1,8004,263435
1695,1135,575,560,7,9,4,4,88,17,2.0,2,576,0,1,1,7200,155000
1728,864,864,864,5,5,3,3,59,59,1.0,1,360,1,1,1,8281,62383
2375,1660,849,715,6,7,3,3,90,29,1.5,1,240,1,1,1,11988,188700
2080,1040,1040,1040,5,5,3,3,46,46,2.0,0,0,0,1,0,8430,124000
2789,1414,1414,1375,7,5,4,4,20,20,2.0,2,398,1,1,1,3072,178740
2554,1277,1277,1277,7,5,3,3,54,54,2.0,2,526,1,1,1,10628,167000
2372,1644,888,728,5,7,3,4,82,29,1.5,1,312,2,1,1,9480,146500
3260,1634,1634,1626,8,5,4,4,18,18,2.0,3,866,1,1,1,11428,250000
2542,1710,832,832,6,5,4,4,31,31,2.5,2,506,0,1,1,9291,187000
2990,1502,1502,1488,8,5,4,4,39,39,2.5,2,528,0,1,1,6820,212000
2777,1969,1161,808,7,6,3,3,47,47,2.5,2,534,1,1,1,11952,190000
1619,1072,1072,547,6,5,3,3,19,19,2.0,2,525,0,1,1,3675,148000
3952,1976,1976,1976,8,5,4,4,18,17,3.0,3,908,1,1,1,14977,440000
3146,1652,1652,1494,8,5,4,5,24,24,3.0,2,499,0,1,1,5330,251000
1940,970,970,970,5,6,3,3,61,61,2.0,2,624,0,1,1,8480,132500
2971,1493,1493,1478,6,5,3,4,27,26,3.0,2,508,1,1,1,13125,208900
4796,2643,2069,2153,9,5,5,5,18,18,2.5,3,694,1,1,1,13693,380000
3423,1718,1718,1705,8,5,4,4,17,16,3.0,3,826,1,1,1,10637,297000
2038,1131,1131,907,4,7,3,3,87,24,1.0,2,672,0,1,1,5925,89471
3683,1850,1850,1833,9,5,4,4,20,19,3.0,3,772,1,1,1,16033,326000
3584,1792,1792,1792,9,5,4,5,21,20,3.0,3,874,1,1,1,11846,374000
2736,1826,916,910,7,8,4,5,109,19,2.5,1,164,1,1,1,2500,155000
2432,1216,1216,1216,6,5,3,3,26,26,3.0,2,402,0,1,1,4500,164000
1998,999,999,999,5,7,3,4,62,23,2.0,1,264,0,1,1,7758,132500
2226,1113,1113,1113,5,7,4,4,74,17,1.0,1,264,1,1,1,9600,147000
2146,1073,1073,1073,5,7,3,3,59,59,2.5,2,515,0,1,1,10289,156000
2968,1484,1484,1484,5,6,3,3,53,53,2.0,2,487,1,1,1,12243,175000
3368,2414,1766,954,5,4,3,3,124,54,2.0,2,520,1,1,1,10800,160000
1260,630,630,630,4,8,3,4,54,22,2.0,1,286,0,1,1,1526,86000
1568,1304,616,264,5,6,3,3,48,48,1.5,1,336,1,1,1,2665,115000
2384,1578,958,806,6,7,3,2,83,74,2.0,1,240,2,1,1,9490,133000
2184,1456,728,728,6,5,4,3,18,18,2.5,2,429,0,1,1,15578,172785
2538,1269,1269,1269,5,6,3,3,64,64,1.5,1,308,1,1,1,7931,155000
1076,886,886,190,5,8,3,3,86,28,1.0,1,273,0,1,1,5784,91300
1440,720,720,720,4,5,3,3,104,74,1.0,0,0,0,1,0,7879,34900
6428,3228,3228,3200,8,5,4,4,32,31,4.0,2,546,1,1,1,12692,430000
2846,1820,1133,1026,7,6,3,3,99,74,3.0,1,240,0,1,1,9120,184000
1763,899,899,864,5,7,3,4,57,20,1.0,1,288,0,1,1,7800,130000
1824,912,912,912,5,7,3,3,66,39,1.5,1,297,0,1,1,7535,120000
1890,1218,672,672,6,5,3,3,51,51,1.5,1,264,0,1,1,1890,113000
2634,1768,866,866,7,5,4,4,19,19,2.5,2,603,0,1,1,9803,226700
2428,1214,1214,1214,5,7,3,3,59,59,2.0,2,461,0,1,1,9170,140000
3302,1801,1801,1501,7,8,3,3,65,27,3.0,2,484,2,1,1,15602,289000
2177,1322,855,855,6,5,3,3,50,50,3.0,2,440,1,1,1,2308,147000
2920,1960,960,960,5,5,3,3,72,72,2.0,2,400,0,1,1,7596,124500
2688,1911,1065,777,8,5,4,4,31,30,2.5,2,471,1,1,1,9554,215000
2436,1218,1218,1218,6,5,4,4,15,15,2.0,2,676,0,1,1,7862,208300
2067,1378,689,689,7,9,3,4,96,19,2.0,2,360,1,1,1,9600,161000
2082,1041,1041,1041,5,6,3,3,65,65,2.0,1,270,0,1,1,9600,124500
2371,1363,1363,1008,5,7,4,3,73,24,2.0,1,288,2,1,1,14559,164900
2736,1368,1368,1368,7,5,4,4,19,18,2.0,2,474,1,1,1,6792,202665
1728,864,864,864,5,5,3,3,66,66,2.0,2,624,0,1,1,9100,129900
2164,1080,1080,1084,6,5,3,3,41,41,1.5,2,484,0,1,1,9187,134000
1557,789,789,768,5,5,3,3,98,74,1.0,1,200,0,1,1,10594,96500
4026,2020,2020,2006,10,5,5,5,15,15,3.5,3,900,1,1,1,12220,402861
2808,2119,1378,689,6,6,3,3,52,52,2.5,2,583,1,1,1,10448,158000
3608,2344,1277,1264,7,5,4,4,28,27,2.5,3,889,1,1,1,10208,265000
2590,1796,882,794,6,5,3,3,26,26,3.5,2,546,0,1,1,9531,211000
3356,2080,1276,1276,7,9,4,4,98,20,1.5,1,282,2,1,1,10918,234000
1294,1294,694,0,4,7,3,3,124,24,2.0,0,0,0,0,0,10800,106250
2488,1244,1244,1244,6,6,3,3,67,67,1.5,1,336,2,1,1,11988,150000
2668,1664,1004,1004,6,7,3,3,77,74,2.0,2,420,2,1,1,5000,159000
7814,4676,3138,3138,10,5,5,5,17,16,4.5,3,884,1,1,1,40094,184750
3777,2398,1383,1379,7,5,4,4,28,27,3.5,3,834,1,1,1,11787,315750
2523,1266,1266,1257,7,5,4,4,19,19,2.0,2,453,1,1,1,7500,176000
1856,928,928,928,5,7,3,3,68,24,1.0,1,252,0,1,1,13300,132000
4165,2713,1476,1452,9,5,5,5,16,16,3.5,3,858,1,1,1,14948,446261
1133,605,605,528,4,7,3,3,104,22,2.0,0,0,0,1,0,9098,86000
4550,2515,2515,2035,6,3,4,3,67,49,4.0,2,484,2,1,1,32668,200624
2970,1509,1509,1461,6,5,4,4,36,35,3.0,2,600,1,1,1,10200,175000
1973,1362,751,611,6,8,3,3,104,25,2.0,2,502,0,1,1,6155,128000
827,827,827,0,5,7,3,3,69,17,1.0,1,392,1,0,1,7200,107500
334,334,334,0,1,3,2,2,78,74,1.0,0,0,0,0,0,5000,39300
2121,1414,707,707,8,5,4,4,20,20,2.5,2,403,1,1,1,9056,178000
2464,1347,820,1117,5,7,3,3,114,33,2.0,0,0,0,1,0,7000,107500
2604,1724,880,880,7,5,3,4,26,25,2.5,2,527,0,1,1,8924,188000
1728,864,864,864,4,5,3,3,52,52,1.0,2,576,0,1,1,12735,111250
2210,1159,1159,1051,5,5,3,3,56,56,1.5,1,336,1,1,1,11553,158000
3182,1601,1601,1581,8,5,4,4,23,22,3.0,2,670,1,1,1,11423,272000
3676,1838,1838,1838,9,5,5,5,18,18,3.0,3,765,1,1,1,14601,315000
3254,2285,997,969,8,5,4,4,24,24,2.5,3,648,1,1,1,11000,248000
3330,1680,1680,1650,7,5,4,4,26,25,3.0,2,583,1,1,1,10140,213250
1490,767,767,723,7,5,3,3,26,26,2.0,1,367,0,1,1,4058,133000
2150,1496,664,654,7,5,4,4,18,18,3.5,2,426,1,1,1,17104,179665
3387,2183,1377,1204,7,5,4,4,36,36,2.5,3,786,0,1,1,13837,229000
2700,1635,915,1065,6,7,3,3,101,74,1.5,2,440,1,1,1,8737,210000
1536,768,768,768,5,7,3,3,54,54,2.0,2,624,0,1,1,7244,129500
1650,825,825,825,5,7,3,3,69,29,2.0,2,720,0,1,1,8235,125000
3006,2094,912,912,7,5,4,4,21,20,2.5,2,615,1,1,1,9375,263000
2138,1069,1069,1069,6,6,3,3,47,47,2.0,2,440,0,1,1,4043,140000
1856,928,928,928,5,6,3,3,67,67,1.0,1,288,0,1,1,6000,112500
3426,1717,1717,1709,8,5,4,4,18,18,2.0,3,908,1,1,1,11146,255500
1126,1126,1126,0,4,5,3,4,75,21,2.0,2,520,0,0,1,8777,108000
3044,2046,1006,998,7,5,4,4,21,20,3.5,3,871,1,1,1,10625,284000
2041,1048,1048,993,5,6,3,3,102,74,1.0,1,280,1,1,1,6380,113000
2184,1092,1092,1092,5,5,3,3,67,67,2.0,1,299,1,1,1,14850,141000
1973,1336,897,637,4,6,3,3,104,74,1.5,1,570,0,1,1,11040,108000
2175,1446,729,729,7,5,3,3,28,27,3.0,2,406,1,1,1,21872,175000
2931,1557,1557,1374,7,5,4,4,21,20,2.0,2,420,1,1,1,3196,234000
2784,1392,1392,1392,5,6,3,3,67,28,2.5,2,528,1,1,1,11341,121500
2778,1389,1389,1389,5,5,3,3,50,49,2.0,2,418,1,1,1,10010,170000
1992,996,996,996,5,6,3,3,84,55,2.0,0,0,1,1,0,13907,108000
2837,1674,1163,1163,6,7,3,3,106,74,2.0,2,396,1,1,1,21780,185000
3390,2295,1166,1095,7,5,4,4,32,24,3.5,2,590,1,1,1,13346,268000
2453,1647,841,806,6,4,3,2,109,74,2.5,1,216,0,1,1,6858,128000
3626,2504,1134,1122,9,5,4,5,19,17,2.5,3,656,1,1,1,11198,325000
3052,1535,1535,1517,7,5,4,4,20,20,2.0,2,532,0,1,1,10171,214000
3628,2132,1496,1496,8,8,4,4,41,15,2.5,2,612,1,1,1,12327,316600
1886,943,943,943,5,5,3,3,45,45,2.0,2,600,2,1,1,7032,135960
3456,1728,1728,1728,5,5,3,3,59,59,2.0,2,576,0,1,1,13101,142600
1728,864,864,864,6,6,3,4,65,65,2.0,1,288,0,1,1,7332,120000
2538,1692,846,846,7,5,3,4,15,15,2.5,2,650,0,1,1,13159,224500
1814,1430,774,384,7,5,3,3,24,24,2.5,2,400,1,1,1,9967,170000
1481,1109,576,372,5,7,3,3,53,19,1.5,1,288,0,1,1,10500,139000
2048,1216,832,832,5,5,3,3,77,74,1.0,1,336,0,1,1,8480,118500
2338,1477,877,861,7,7,3,3,96,74,2.5,1,216,1,1,1,6292,145000
2484,1320,1320,1164,5,6,3,3,58,58,2.0,2,564,2,1,1,11777,164500
2081,1392,703,689,7,5,4,4,17,17,2.0,2,540,0,1,1,3604,146000
2845,1795,1050,1050,5,5,3,3,70,70,2.0,1,352,0,1,1,12150,131500
2573,1429,1429,1144,6,6,3,4,64,37,1.5,2,572,2,1,1,14585,181900
4084,2042,2042,2042,8,5,5,5,16,15,2.5,3,1390,1,1,1,12704,253293
1632,816,816,816,6,5,3,3,34,34,2.0,0,0,0,1,0,11841,118500
4012,2775,1521,1237,10,9,5,4,131,24,3.5,2,880,1,1,1,13500,325000
2457,1573,989,884,4,7,3,4,89,29,1.0,1,240,0,1,1,6120,133000
3896,2028,2028,1868,8,5,4,4,19,18,3.0,3,880,2,1,1,11443,369900
1654,838,838,816,6,7,3,2,106,24,2.0,1,275,0,1,1,10267,130000
1700,860,860,840,5,6,3,3,42,42,2.0,2,528,0,1,1,8740,137000
2910,1473,1473,1437,5,8,3,5,56,21,3.0,1,452,2,1,1,25095,143000
1521,935,779,742,5,6,3,3,94,64,1.0,1,308,0,1,1,9100,79500
2352,1582,770,770,7,5,4,4,20,20,2.5,2,520,0,1,1,8320,185900
4018,2296,1728,1722,10,5,5,5,16,16,3.5,3,842,1,1,1,13478,451950
1632,816,816,816,5,8,3,3,42,21,2.0,2,816,0,1,1,6600,138000
1696,848,848,848,6,5,4,4,21,21,2.0,2,420,0,1,1,4435,140000
1848,924,924,924,5,6,3,3,49,49,1.0,1,280,0,1,1,7990,110000
3640,1826,1826,1814,8,5,4,4,19,18,3.0,3,758,1,1,1,11302,319000
2052,1368,684,684,6,7,3,3,114,31,1.0,1,216,0,1,1,3600,114504
2660,1402,1402,1258,7,5,4,4,18,17,2.0,3,648,1,1,1,3922,194201
3077,1647,1647,1430,5,6,3,4,47,47,3.0,2,621,1,1,1,12984,217500
2272,1556,716,716,6,6,3,3,44,44,3.5,2,452,1,1,1,1950,151000
2962,1904,1058,1058,8,5,4,5,19,19,3.5,2,736,1,1,1,10927,275000
2155,1375,780,780,6,6,3,4,87,74,1.5,1,544,1,1,1,9000,141000
2823,1915,927,908,8,5,4,4,32,32,3.5,2,506,1,1,1,10041,220000
1800,1200,600,600,7,5,4,4,20,19,2.5,2,480,0,1,1,3182,151000
2988,1494,1494,1494,7,5,4,4,22,22,3.0,2,530,1,1,1,12803,221000
2754,1986,1186,768,7,6,3,3,59,34,2.5,2,486,3,1,1,13600,205000
2080,1040,1040,1040,5,5,3,4,28,28,2.0,2,576,0,1,1,12464,152000
2904,2008,1112,896,5,8,3,5,76,22,4.0,1,230,0,1,1,7800,225000
4159,3194,1940,965,8,6,3,3,90,26,2.5,2,380,2,1,1,12168,359100
2058,1029,1029,1029,4,5,3,3,63,63,2.0,1,261,0,1,1,7943,118500
3593,2153,1476,1440,9,5,4,5,24,24,3.5,3,736,2,1,1,11050,313000
2064,1032,1032,1032,6,6,3,3,46,46,2.5,2,564,1,1,1,10395,148000
3171,1872,1299,1299,8,5,4,5,23,23,3.5,2,531,1,1,1,11885,261500
2240,1120,1120,1120,5,5,3,3,17,17,1.0,0,0,0,1,0,8402,147000
1260,630,630,630,4,6,3,3,52,52,2.0,0,0,0,1,0,1491,75500
1990,1054,1054,936,6,7,3,4,61,61,2.0,2,480,0,1,1,8800,137500
2292,1509,807,783,6,5,4,4,22,21,3.5,2,393,1,1,1,7861,183200
1664,832,832,832,6,6,3,4,70,70,1.0,2,528,0,1,1,7227,105500
3650,1828,1828,1822,9,5,5,4,17,17,2.0,3,774,1,1,1,11694,314813
3744,2262,1482,1482,8,5,4,4,21,21,3.5,3,749,2,1,1,12244,305000
1728,864,864,864,3,3,3,3,110,74,2.0,0,0,0,1,0,8248,67000
4136,2614,1548,1522,6,7,3,3,50,27,2.5,2,624,1,1,1,10800,240000
1960,980,980,980,5,6,3,3,47,47,1.0,2,484,0,1,1,7064,135000
2268,1512,756,756,6,5,4,4,24,24,2.5,2,440,1,1,1,2117,168500
2522,1790,1012,732,6,5,3,3,52,52,3.0,2,484,1,1,1,10400,165150
2232,1116,1116,1116,6,6,3,3,62,62,1.5,2,440,0,1,1,10000,160000
2400,1422,1422,978,5,5,3,3,64,46,1.0,1,286,1,1,1,12342,139900
2676,1520,1520,1156,6,6,3,3,69,52,2.0,1,364,2,1,1,9600,153000
3120,2080,1040,1040,5,5,3,2,55,55,2.5,2,504,2,1,1,11606,135000
2598,1350,1350,1248,6,5,3,3,60,60,2.5,2,520,0,1,1,9020,168500
2386,1750,1089,636,5,6,3,5,144,33,1.0,1,240,0,1,1,9000,124000
3108,1554,1554,1554,8,5,4,4,18,18,2.0,2,627,1,1,1,4590,209500
2797,1411,1411,1386,7,5,3,3,47,47,2.0,2,544,1,1,1,11900,82500
2112,1056,1056,1056,5,7,3,3,70,19,1.5,1,260,0,1,1,9250,139400
2112,1056,1056,1056,6,5,3,3,44,44,2.0,2,576,0,1,1,6979,144000
4320,3395,1440,1440,6,7,2,2,110,29,2.0,0,0,0,1,0,10896,200000
1064,800,800,264,2,3,2,2,88,74,1.0,0,0,1,1,0,6120,60000
2198,1387,811,811,5,4,3,4,70,70,2.0,1,256,0,1,1,6000,93000
1592,796,796,796,5,7,3,3,114,74,1.0,0,0,0,1,0,8777,85000
3087,1567,1567,1520,8,5,4,5,18,18,3.0,3,648,1,1,1,3982,264561
3036,1518,1518,1518,8,5,5,5,21,20,1.5,2,588,1,1,1,12677,274000
2986,1929,1057,1057,7,5,4,4,23,23,3.5,2,650,1,1,1,7050,226000
4656,2704,2000,1952,8,7,4,5,52,29,3.5,2,538,3,1,1,13860,345000
2400,1620,780,780,5,5,3,3,55,55,2.5,2,462,0,1,1,10793,152000
3532,1766,1766,1766,9,5,5,5,15,15,3.5,3,478,1,1,1,9187,370878
1962,981,981,981,6,5,3,3,53,53,2.5,2,576,0,1,1,10530,143250
1048,1048,1048,0,5,5,3,3,74,74,1.0,2,420,0,0,1,7200,98300
2188,1094,1094,1094,6,5,3,3,71,71,1.0,2,495,2,1,1,10452,155000
2595,1839,1051,756,6,5,3,3,58,58,1.5,2,442,1,1,1,7700,155000
1260,630,630,630,4,6,3,3,54,54,2.0,0,0,0,1,0,1936,84500
2478,1665,822,813,7,6,4,4,17,17,2.5,2,562,0,1,1,8125,205950
2265,1510,755,755,4,5,3,3,84,74,2.0,1,296,1,1,1,9084,108000
2596,1716,909,880,7,5,4,4,28,28,2.5,2,512,1,1,1,8750,191000
2225,1469,756,756,6,7,3,3,118,29,1.0,1,216,0,1,1,10320,135000
4222,2113,2113,2109,8,6,4,4,29,29,3.5,3,839,1,1,1,10437,350000
1617,1092,525,525,6,5,3,3,53,53,1.5,1,264,0,1,1,1680,88000
2106,1053,1053,1053,5,7,4,4,65,18,2.5,1,312,0,1,1,10007,145500
2278,1502,851,776,7,6,3,3,93,24,1.5,1,270,1,1,1,7200,149000
2370,1458,912,912,6,5,3,3,76,74,1.5,1,330,1,1,1,17503,97500
2972,1486,1486,1486,5,7,3,3,60,25,2.0,2,480,0,1,1,9937,167000
2728,1935,1142,793,7,7,3,3,48,48,2.5,2,550,1,1,1,12384,197900
4077,2448,1686,1629,8,7,4,4,30,19,3.5,3,711,1,1,1,46589,402000
2784,1392,1392,1392,6,3,3,3,56,56,2.0,2,576,2,1,1,13560,110000
2319,1181,1181,1138,4,5,3,3,52,52,3.0,2,588,0,1,1,10012,137500
4174,2097,2097,2077,8,5,4,5,19,18,2.5,3,1134,1,1,1,20896,423000
3342,1936,1454,1406,8,5,4,4,24,24,2.5,2,504,1,1,1,11194,230500
3401,2380,1465,1021,6,5,3,3,59,45,2.5,2,596,1,1,1,18450,129000
3087,1679,1679,1408,6,5,3,4,30,26,3.0,2,575,1,1,1,8125,193500
2625,1437,1437,1188,5,6,3,3,68,37,2.5,2,576,1,1,1,14175,168000
1880,1180,1180,700,4,5,3,2,102,74,1.0,1,252,1,1,1,11600,137500
2214,1476,738,738,6,5,4,4,19,19,3.5,2,540,0,1,1,8633,173500
2041,1369,697,672,6,6,3,3,99,74,3.0,1,300,0,1,1,6629,103600
2416,1208,1208,1208,6,6,4,3,47,47,2.5,2,546,1,1,1,11250,165000
3316,1839,1839,1477,6,7,3,4,67,20,3.0,2,416,2,1,1,14442,257500
2272,1136,1136,1136,6,6,3,3,59,59,2.0,1,384,1,1,1,9200,140000
2296,1441,855,855,6,6,3,3,46,46,2.5,2,440,1,1,1,2289,148500
2869,1774,1095,1095,4,2,3,3,124,74,3.0,3,779,0,1,1,9600,87000
1560,792,792,768,5,8,4,4,100,18,1.0,1,240,0,1,1,9022,109500
4092,2046,2046,2046,8,5,4,4,16,16,2.5,3,834,1,1,1,11844,372500
1976,988,988,988,5,5,3,3,63,63,2.0,2,572,0,1,1,9945,128500
1846,923,923,923,6,5,3,3,44,44,2.0,1,264,1,1,1,8012,143000
2313,1520,848,793,5,5,3,3,92,24,1.0,1,281,0,1,1,4500,159434
2582,1291,1291,1291,6,5,3,4,28,27,2.0,2,431,1,1,1,2887,173000
3294,1668,1668,1626,9,5,4,4,22,22,3.0,3,702,1,1,1,11248,285000
3034,1839,1195,1195,7,5,4,3,26,26,2.5,2,486,0,1,1,16770,221000
3280,2090,1190,1190,7,5,4,4,40,40,3.0,2,577,1,1,1,5062,207500
2635,1761,874,874,7,6,4,4,17,17,3.0,2,578,0,1,1,10207,227875
1653,1102,551,551,7,5,4,4,20,20,2.5,2,480,0,1,1,5105,148800
2838,1419,1419,1419,8,6,4,4,17,17,3.0,2,567,1,1,1,8089,392000
2724,1362,1362,1362,6,5,4,4,19,18,2.0,2,460,1,1,1,7577,194700
1696,848,848,848,6,5,4,4,20,20,2.0,2,420,1,1,1,4426,141000
6760,4316,2444,2444,10,6,5,5,30,29,4.0,3,832,2,1,1,21535,755000
3729,2519,1238,1210,7,5,4,4,35,34,3.5,2,628,2,1,1,26178,335000
2146,1073,1073,1073,5,6,3,3,103,56,1.0,1,326,0,1,1,5400,108480
2466,1539,1067,927,5,6,3,3,88,74,1.5,2,576,0,1,1,6120,141500
2249,1137,1137,1112,6,6,3,4,37,37,3.0,2,551,1,1,1,13811,176000
1232,616,616,616,5,7,3,3,103,74,1.0,1,205,0,1,1,6000,89000
2128,1148,1148,980,5,7,3,3,72,72,1.5,1,308,0,1,1,6420,123500
1788,894,894,894,5,8,3,3,59,15,2.0,1,336,1,1,1,8450,138500
2782,1391,1391,1391,7,5,4,4,20,20,2.0,2,530,0,1,1,4282,196000
3600,1800,1800,1800,8,5,4,4,22,22,3.0,3,765,1,1,1,14331,312500
2328,1164,1164,1164,7,5,3,3,55,55,1.5,2,528,0,1,1,9600,140000
3810,2576,1264,1234,8,5,5,5,18,18,2.5,3,666,1,1,1,12438,361919
2172,1812,1032,360,5,9,3,4,124,28,2.0,2,672,1,1,1,7630,140000
2957,1484,1484,1473,7,5,4,4,20,19,3.0,2,606,0,1,1,8400,213000
1092,1092,372,0,4,5,2,2,94,74,2.0,0,0,0,0,0,5600,55000
3467,1824,1824,1643,7,5,3,4,53,22,3.0,2,739,2,1,1,115149,302000
2648,1324,1324,1324,8,5,4,4,18,18,3.0,2,550,1,1,1,6240,254000
2184,1456,728,728,7,5,4,4,17,17,2.5,2,400,1,1,1,9018,179540
1780,904,904,876,5,7,3,3,58,58,1.0,1,408,0,1,1,7162,109900
999,729,729,270,3,6,4,3,89,21,1.0,0,0,0,1,0,4130,52000
2037,1178,859,859,4,7,3,3,124,74,1.0,1,384,0,1,1,8712,102776
2456,1228,1228,1228,8,5,4,4,36,35,3.0,2,472,1,1,1,4671,189000
1920,960,960,960,4,5,3,3,54,54,2.0,2,576,0,1,1,9873,129000
2204,1479,725,725,6,8,4,4,48,19,2.5,2,475,0,1,1,13517,130500
2414,1350,1350,1064,6,5,3,3,50,50,2.0,2,478,1,1,1,10140,165000
3272,2554,1576,718,7,8,3,3,134,26,1.5,2,704,0,1,1,10800,159500
2354,1178,1178,1176,5,6,3,4,51,24,2.0,2,439,1,1,1,10000,157000
3729,2418,1325,1311,7,5,4,4,31,30,3.5,3,983,1,1,1,10542,341000
1942,971,971,971,5,6,3,3,55,55,1.5,1,300,1,1,1,9920,128500
3484,1742,1742,1742,8,5,4,4,39,39,3.0,2,564,1,1,1,6563,275000
1696,848,848,848,6,5,4,4,20,20,2.0,2,420,0,1,1,4426,143000
1728,864,864,864,4,7,3,3,54,54,1.0,2,463,0,1,1,8120,124500
2411,1470,997,941,4,6,3,3,70,52,2.0,1,548,0,1,1,8172,135000
3396,1698,1698,1698,9,5,5,5,17,16,3.0,3,768,1,1,1,13286,320000
1728,864,864,864,4,6,3,4,54,54,1.0,2,660,0,1,1,6960,120500
2560,1680,1680,880,6,9,4,4,36,17,3.0,2,540,1,1,1,21695,222000
2464,1232,1232,1232,7,5,4,4,17,17,3.0,2,632,0,1,1,7314,194500
3360,1776,1776,1584,5,5,3,3,66,66,3.0,3,888,0,1,1,11475,110000
1628,1208,848,780,4,5,3,3,99,74,1.0,2,539,0,1,1,6240,103000
3211,1616,1616,1595,8,5,4,4,29,28,3.0,2,608,1,1,1,5389,236500
2014,1146,1146,868,7,5,4,4,21,21,3.0,2,438,1,1,1,9590,187500
3184,2031,1153,1153,7,5,4,4,26,25,2.5,2,541,1,1,1,11404,222500
2008,1144,1144,864,5,6,3,3,63,41,2.0,1,264,1,1,1,10000,131400
1896,948,948,948,5,5,3,3,56,56,1.0,1,300,0,1,1,8978,108000
2648,1768,880,880,7,7,3,3,110,54,1.5,2,320,2,1,1,10800,163000
1040,1040,1040,0,3,4,3,3,74,74,2.0,2,400,0,0,1,8544,93500
2694,1801,901,893,8,5,4,4,19,19,2.5,3,800,1,1,1,10463,239900
2400,1200,1200,1200,5,5,3,3,37,36,6.0,0,0,0,1,0,10800,179000
2592,1728,864,864,7,5,4,4,20,20,2.5,2,572,0,1,1,9313,190000
1696,1432,768,264,5,7,3,3,114,22,2.0,2,360,0,1,1,9600,132000
1824,912,912,912,6,8,3,4,63,28,2.5,1,288,0,1,1,6768,142000
2698,1349,1349,1349,7,5,3,3,24,23,2.0,2,539,0,1,1,8450,179000
1984,1464,1464,520,5,6,3,3,61,25,2.5,2,480,1,1,1,12886,175000
2674,1337,1337,1337,8,5,4,4,31,31,3.0,2,462,1,1,1,5395,180000
3857,2715,1175,1142,8,9,5,4,48,28,4.0,2,831,2,1,1,8963,299800
3208,2256,980,952,7,5,4,4,24,24,2.5,2,554,1,1,1,8795,236000
3880,2640,1320,1240,7,7,4,4,144,21,1.5,4,864,1,1,1,11700,265979
3440,1720,1720,1720,7,5,4,4,28,28,3.0,2,527,1,1,1,10593,260400
1529,1529,1088,0,4,3,3,3,79,74,2.0,1,240,0,0,1,8405,98000
1716,1140,792,576,4,7,3,3,114,20,1.0,0,0,0,1,0,8800,96500
1980,1320,660,660,7,5,4,4,21,21,2.5,2,400,0,1,1,7750,162000
2973,1494,1494,1479,6,5,3,4,27,27,3.0,2,576,0,1,1,9236,217000
3128,2098,1038,1030,8,5,4,5,19,19,2.5,3,878,1,1,1,10240,275500
2052,1026,1026,1026,6,8,3,4,55,19,2.0,2,440,0,1,1,7930,156000
2200,1471,742,729,6,5,3,3,25,25,2.5,2,440,0,1,1,3230,172500
2634,1768,866,866,8,5,4,4,17,17,2.5,2,578,0,1,1,10769,212000
2058,1386,672,672,6,5,3,3,46,46,2.5,2,440,1,1,1,11616,158900
2245,1501,757,744,7,5,3,3,25,25,2.5,2,440,0,1,1,2280,179400
3849,2531,1328,1318,8,5,4,4,29,29,2.5,3,752,1,1,1,12257,290000
1728,864,864,864,6,6,3,3,65,65,1.0,1,300,0,1,1,9100,127500
2446,1301,1301,1145,5,5,3,2,100,74,1.0,2,440,0,1,1,6911,100000
2303,1547,764,756,7,5,3,4,15,15,2.5,2,614,0,1,1,8640,215200
3617,2365,1268,1252,8,5,4,4,25,25,3.5,3,856,1,1,1,9430,337000
2988,1494,1494,1494,8,5,4,5,29,28,2.5,2,481,1,1,1,9549,270000
3004,1506,1506,1498,9,5,4,5,16,16,2.0,2,592,1,1,1,14587,264132
2694,1714,980,980,7,5,3,3,36,36,2.5,2,496,1,1,1,10421,196500
2733,1750,983,983,6,7,3,3,84,39,3.0,1,423,0,1,1,12508,160000
3696,1836,1836,1860,7,5,4,4,20,19,2.0,2,484,1,1,1,9100,216837
4929,3279,1690,1650,8,5,5,5,21,21,4.5,3,841,1,1,1,53504,538000
1716,858,858,858,5,5,3,3,42,42,2.0,2,576,0,1,1,7252,134900
2056,1220,1220,836,4,5,3,3,73,73,1.0,2,396,0,1,1,8877,102000
2146,1117,1117,1029,6,5,3,3,48,48,2.0,2,672,1,1,1,7819,107000
1824,912,912,912,5,5,3,3,66,66,1.0,1,275,0,1,1,10150,114500
3908,1973,1973,1935,8,5,4,4,18,18,2.0,3,895,1,1,1,14226,395000
2408,1204,1204,1204,6,5,3,3,26,26,3.0,2,412,0,1,1,4500,162000
3228,1614,1614,1614,7,5,4,4,19,18,2.0,3,865,0,1,1,11210,221500
1758,894,894,864,5,5,3,3,50,50,2.0,2,440,1,1,1,13350,142500
2020,2020,2020,0,5,5,3,3,47,47,2.0,2,630,2,0,1,8400,144000
1979,1004,1004,975,6,5,3,3,47,47,2.0,2,504,0,1,1,10530,135000
2490,1253,1253,1237,7,5,3,3,29,28,2.0,2,402,1,1,1,7875,176000
2364,1603,810,761,6,5,4,4,32,32,2.5,2,484,0,1,1,7153,175900
2843,1430,1430,1413,7,5,4,4,23,22,2.0,2,605,0,1,1,16285,187100
2207,1110,1110,1097,5,6,3,4,46,46,2.0,2,602,1,1,1,9101,165500
2226,1484,742,742,6,6,3,3,110,23,2.0,0,0,1,1,0,6300,128000
2714,1342,1342,1372,6,5,3,3,57,57,2.0,2,457,1,1,1,9790,161500
2338,1652,966,686,5,6,3,3,109,74,3.0,1,416,0,1,1,10800,139000
3040,2084,956,956,7,5,4,4,20,20,3.5,2,618,0,1,1,10142,233000
1802,901,901,901,4,7,3,3,70,24,1.0,1,281,0,1,1,6000,107900
2919,2087,976,832,6,8,3,4,58,17,2.5,2,444,0,1,1,12205,187500
2290,1145,1145,1145,7,5,4,4,19,18,2.0,2,397,1,1,1,3182,160200
2091,1062,1062,1029,6,5,3,3,48,48,2.0,2,539,2,1,1,11333,146800
3130,2013,1127,1117,7,5,4,3,28,27,3.5,2,455,1,1,1,9920,269790
2992,1496,1496,1496,8,5,4,4,17,17,2.0,2,474,0,1,1,9158,225000
2607,1895,1086,712,7,5,4,4,30,28,2.5,2,409,1,1,1,10832,194500
2214,1564,888,650,6,6,3,3,44,43,2.5,2,476,1,1,1,8400,171000
1945,1285,1285,660,6,5,3,3,47,47,1.5,2,528,1,1,1,8197,143500
1546,773,773,773,5,5,3,3,71,71,1.0,1,240,0,1,1,7677,110000
5066,3140,1966,1926,9,5,5,5,16,15,3.5,3,820,2,1,1,13518,485000
2499,1768,981,731,5,7,3,4,87,74,2.5,1,240,2,1,1,7200,175000
2304,1688,616,616,6,5,3,4,27,27,3.5,2,603,0,1,1,12798,200000
2392,1196,1196,1196,4,7,3,3,108,34,2.0,2,440,0,1,1,4800,109900
2184,1456,728,728,7,5,4,4,19,19,3.5,2,410,1,1,1,8199,189000
4556,2822,1734,1734,9,5,5,5,16,15,3.5,3,1020,1,1,1,13891,582933
2064,1128,1128,936,5,5,3,3,70,70,1.0,1,286,0,1,1,9000,118000
2845,1428,1428,1417,7,5,4,5,16,16,2.0,2,554,0,1,1,12274,227680
1960,980,980,980,5,5,3,3,57,57,2.0,1,384,0,1,1,9750,135500
2900,1576,1072,1324,5,6,3,4,101,20,3.5,2,528,1,1,1,21384,223500
2110,1086,1086,1024,5,5,3,3,58,58,2.0,2,484,1,1,1,13400,159950
2987,2138,1075,849,5,5,3,3,126,59,2.0,2,360,0,1,1,8100,106000
2349,1309,1309,1040,6,6,3,4,50,25,2.5,2,484,1,1,1,10140,181000
1696,848,848,848,6,5,4,4,20,20,2.0,2,420,1,1,1,4438,144500
1584,1044,1044,540,5,5,2,2,72,72,1.0,2,504,0,1,1,8712,55993
2884,1442,1442,1442,6,6,3,3,66,66,1.5,1,301,0,1,1,9750,157900
1936,1250,686,686,5,7,3,2,106,74,2.0,1,280,0,1,1,8248,116000
3310,1661,1661,1649,7,5,3,4,26,26,2.0,2,598,0,1,1,12137,224900
2016,1008,1008,1008,5,6,3,3,70,70,1.0,1,275,1,1,1,11425,137000
3257,1689,1689,1568,8,5,4,4,22,22,3.0,3,857,2,1,1,13265,271000
2062,1052,1052,1010,6,7,3,3,53,53,2.0,2,440,0,1,1,8816,155000
2716,1358,1358,1358,7,5,4,4,15,14,3.0,2,484,1,1,1,6371,224000
2438,1640,798,798,7,5,4,4,21,21,2.5,2,595,0,1,1,7226,183000
1872,936,936,936,4,4,2,3,71,71,1.0,2,576,0,1,1,6000,93000
2580,1733,847,847,7,5,4,4,21,21,2.5,2,433,1,1,1,12394,225000
2267,1489,944,778,6,7,3,3,84,74,2.0,1,240,1,1,1,9900,139500
2978,1489,1489,1489,8,5,4,4,18,18,2.0,2,776,1,1,1,11216,232600
4162,2084,2084,2078,10,5,5,5,17,16,3.0,3,1220,1,1,1,14803,385000
1568,784,784,784,5,6,3,4,100,74,2.0,0,0,0,1,0,6130,109500
2888,1434,1434,1454,7,5,4,4,23,23,2.0,2,527,1,1,1,8529,189000
3139,2126,1160,1013,5,5,3,3,57,57,3.0,2,538,0,1,1,28698,185000
1743,1223,520,600,7,5,4,4,19,19,2.5,2,480,0,1,1,2544,147400
2784,1392,1392,1392,6,5,3,3,67,67,2.5,2,458,2,1,1,11900,166000
1720,1200,520,600,7,5,3,4,19,19,2.5,2,480,0,1,1,3180,151000
2770,1829,941,941,7,6,4,4,21,21,3.5,2,613,1,1,1,9548,237000
3032,1516,1516,1516,6,6,3,3,60,60,1.5,2,472,0,1,1,10004,167000
2288,1144,1144,1144,5,6,3,3,63,63,2.0,2,456,0,1,1,7875,139950
2134,1067,1067,1067,4,7,3,4,74,29,2.0,2,436,0,1,1,9600,128000
3118,1559,1559,1559,5,6,3,3,76,51,2.0,2,812,0,1,1,8100,153500
1470,987,483,483,6,5,3,3,51,51,2.5,1,264,0,1,1,1680,100000
2198,1099,1099,1099,5,6,3,4,29,18,1.5,1,352,0,1,1,9525,144000
1968,1200,768,768,5,6,3,3,78,29,1.0,1,240,0,1,1,11767,130500
2154,1482,810,672,6,8,3,2,99,74,2.0,1,400,0,1,1,12155,140000
2189,1539,958,650,5,8,3,4,120,22,2.0,2,686,1,1,1,10440,157500
2292,1165,1165,1127,6,7,3,3,58,58,2.5,2,490,0,1,1,9020,174900
3600,1800,1800,1800,5,4,3,3,63,63,2.0,0,0,0,1,0,8000,141000
2292,1416,876,876,5,8,3,3,109,74,1.5,3,720,1,1,1,12665,153900
3091,1701,1701,1390,5,5,3,3,49,43,3.0,2,611,2,1,1,16647,171000
2515,1775,1006,740,7,5,4,4,31,31,3.5,2,425,1,1,1,9317,213000
1728,864,864,864,5,6,3,3,52,52,2.0,1,338,1,1,1,15523,133500
3265,2358,1307,907,6,8,3,3,116,27,3.0,2,360,1,1,1,45600,240000
2383,1855,1094,528,6,7,4,3,48,30,2.5,2,512,1,1,1,9600,187000
1696,848,848,848,6,5,4,4,21,21,2.0,2,420,0,1,1,4435,131500
2729,1456,1456,1273,8,5,4,4,21,21,2.0,2,400,1,1,1,3196,215000
2564,1646,918,918,7,5,3,3,83,74,2.0,1,240,2,1,1,7128,164000
2572,1445,1445,1127,6,6,3,3,60,60,1.5,2,645,1,1,1,12095,158000
3542,1779,1779,1763,5,4,3,3,69,50,2.5,2,454,1,1,1,17920,170000
2080,1040,1040,1040,5,8,3,3,62,14,2.5,1,260,0,1,1,6897,127000
1966,1026,1026,940,6,6,3,3,46,46,2.0,2,576,0,1,1,10970,147000
2183,1481,702,702,6,5,3,3,30,29,2.5,2,343,1,1,1,8125,174000
2460,1370,1370,1090,7,5,3,3,48,48,2.0,2,479,1,1,1,10400,152000
3708,2654,1512,1054,6,7,3,4,56,40,3.5,2,619,1,1,1,11029,250000
2338,1426,912,912,7,8,4,4,106,26,1.5,1,216,1,1,1,7642,189950
2078,1039,1039,1039,5,4,3,3,59,59,2.5,2,504,0,1,1,11625,131500
2137,1097,1097,1040,6,5,3,3,40,39,2.0,2,480,0,1,1,9672,152000
2296,1148,1148,1148,5,5,3,3,65,65,2.0,1,672,0,1,1,7931,132500
2744,1372,1372,1372,7,5,4,4,17,16,2.0,2,529,0,1,1,8640,250580
2004,1002,1002,1002,5,6,3,3,54,54,2.0,2,902,0,1,1,8750,148500
3284,1646,1646,1638,8,5,4,4,18,17,2.0,3,870,1,1,1,10656,248900
2160,1120,1120,1040,4,5,3,2,63,63,2.5,2,544,0,1,1,6970,129000
2267,2320,1547,0,5,6,3,3,76,74,2.0,2,672,1,0,1,14762,169000
2999,1949,1062,1050,7,5,4,4,31,30,3.5,2,574,1,1,1,9938,236000
1788,894,894,894,5,5,3,3,62,62,1.0,1,308,0,1,1,6600,109500
2486,1682,804,804,6,5,3,4,26,26,2.5,2,523,0,1,1,8750,200500
1015,910,910,105,5,7,4,4,71,28,1.0,2,414,0,1,1,8892,116000
1868,1268,1036,832,5,7,4,3,75,74,1.0,1,288,1,1,1,12144,133000
1807,1131,676,676,5,6,3,3,83,74,1.5,1,200,0,1,1,5720,66500
3794,2610,1184,1184,8,5,4,5,17,17,2.5,2,550,1,1,1,9000,303477
2104,1040,1040,1064,4,5,3,3,61,61,2.0,2,648,0,1,1,25286,132250
3686,2224,1462,1462,9,5,4,5,20,19,3.5,3,738,1,1,1,8834,350000
2264,1155,1155,1109,5,7,3,4,63,29,2.0,2,576,0,1,1,11782,148000
1728,864,864,864,5,8,4,3,46,19,2.0,1,336,0,1,1,7000,136500
2180,1090,1090,1090,5,5,3,3,19,18,2.5,2,450,0,1,1,7024,157000
2873,1717,1187,1156,7,5,4,4,34,33,2.5,2,400,1,1,1,13758,187500
2401,1593,808,808,6,5,3,3,32,31,2.5,2,389,1,1,1,9636,178000
2544,2230,954,795,4,5,4,3,112,74,2.0,1,440,0,1,1,6204,118500
1784,892,892,892,5,5,3,3,57,57,1.0,1,288,0,1,1,7150,100000
3407,1709,1709,1698,9,5,4,4,25,24,3.0,2,506,1,1,1,5119,328900
3338,1712,1712,1626,5,5,3,3,65,19,2.0,2,588,0,1,1,8393,145000
2209,1393,872,816,5,7,3,3,69,69,1.5,1,300,0,1,1,16466,135500
4434,2217,2217,2217,8,6,4,4,54,54,3.0,2,621,1,1,1,15865,268000
3010,1505,1505,1505,6,4,3,3,71,71,2.0,2,505,1,1,1,12160,149500
1596,924,672,672,5,7,3,3,75,18,1.0,2,576,1,1,1,8064,122900
2601,1683,918,918,6,5,3,3,46,46,2.5,2,440,1,1,1,11184,172500
2127,1068,1068,1059,6,8,3,3,61,21,1.5,1,264,0,1,1,8414,154500
2766,1383,1383,1383,5,5,3,3,70,70,2.0,1,354,1,1,1,13284,165000
1535,1535,1535,0,5,5,3,3,45,45,2.0,2,400,0,0,1,7018,118858
2576,1796,983,780,6,5,3,3,61,61,2.5,2,483,1,1,1,7056,140000
1902,951,951,951,4,6,3,3,88,74,1.0,1,327,0,1,1,8765,106500
2240,2240,1120,0,5,5,3,3,45,45,2.0,2,528,0,0,1,7018,142953
4694,2364,2364,2330,9,5,5,5,15,14,3.5,3,820,2,1,1,12919,611657
2148,1236,1236,912,5,7,3,3,63,30,1.0,1,288,1,1,1,6993,135000
1716,858,858,858,4,6,3,3,53,53,1.0,1,684,0,1,1,7340,110000
2298,1306,1306,992,5,7,3,3,67,24,2.0,1,756,0,1,1,8712,153000
2292,1509,807,783,7,5,4,4,21,21,2.5,2,393,1,1,1,7875,180000
3340,1670,1670,1670,7,5,4,4,18,18,2.0,3,690,1,1,1,14859,240000
1778,902,902,876,5,6,3,3,57,57,1.0,1,288,0,1,1,6173,125500
2119,1063,1063,1056,5,5,3,3,70,70,2.0,1,280,0,1,1,9920,128000
3259,1636,1636,1623,8,5,4,4,18,18,3.0,3,865,1,1,1,13501,255000
3074,2057,1020,1017,7,7,4,4,88,37,1.5,1,180,1,1,1,11500,250000
1766,902,902,864,5,5,3,3,41,41,2.0,2,484,0,1,1,8885,131000
2226,1484,742,742,6,5,4,4,19,19,2.5,2,390,1,1,1,12589,174000
3379,2274,1105,1105,5,5,3,3,64,64,2.0,2,480,0,1,1,11600,154300
2536,1268,1268,1268,5,7,3,4,47,35,1.5,1,252,0,1,1,9286,143500
1783,1015,1015,768,5,7,3,3,99,74,1.0,1,450,0,1,1,6120,88000
3003,2002,1001,1001,5,6,3,3,75,74,2.0,3,871,0,1,1,6270,145000
1836,1224,612,612,6,5,4,4,15,15,2.5,2,528,0,1,1,3000,173733
1638,1092,546,546,4,5,3,3,54,54,1.5,1,286,0,1,1,2001,75000
960,480,480,480,2,3,3,3,75,74,1.0,1,308,0,1,1,9000,35311
2363,1229,1229,1134,4,6,3,3,68,68,1.0,1,284,0,1,1,17140,135000
3231,2127,912,1104,7,5,4,4,33,33,3.5,3,833,1,1,1,13125,238000
2598,1414,1414,1184,6,8,5,3,66,22,2.0,2,601,1,1,1,11029,176500
2649,1721,936,928,6,5,4,4,30,30,3.0,2,471,0,1,1,8462,201000
3472,2200,1272,1272,5,7,3,3,124,21,5.0,0,0,0,1,0,8777,145900
2632,1316,1316,1316,6,5,4,4,19,18,2.0,2,397,1,1,1,10237,169990
3221,1617,1617,1604,6,5,4,4,31,30,3.0,2,533,1,1,1,8012,193000
3372,1686,1686,1686,6,6,3,3,44,44,3.0,2,612,1,1,1,10240,207500
2252,1126,1126,1126,5,6,3,5,47,47,2.5,2,540,0,1,1,15611,175000
3555,2374,1234,1181,8,5,4,5,21,20,2.5,3,656,1,1,1,11999,285000
2810,1978,1098,832,7,5,3,3,56,56,2.5,2,486,1,1,1,9900,176000
3541,1788,1788,1753,8,5,4,5,23,23,2.0,2,522,1,1,1,11838,236500
3200,2236,993,964,7,5,3,4,27,27,2.5,2,642,1,1,1,13006,222000
2932,1466,1466,1466,8,5,4,4,17,17,2.0,3,610,0,1,1,8925,201000
1850,925,925,925,5,6,3,3,59,59,1.5,1,429,0,1,1,9100,117500
3810,1905,1905,1905,9,5,5,5,18,18,2.0,3,788,1,1,1,11670,320000
3000,1500,1500,1500,7,5,4,4,20,20,2.0,2,570,0,1,1,8487,190000
2654,2069,2069,585,7,7,3,4,64,17,3.0,2,505,1,1,1,27650,242000
1347,747,747,600,4,5,3,3,98,71,1.0,2,528,0,1,1,5825,79900
2376,1200,1200,1176,7,5,4,4,21,21,3.0,2,555,0,1,1,10083,184900
3084,1971,1113,1113,7,5,4,4,19,19,2.5,2,689,1,1,1,9675,253000
3353,1962,1391,1391,7,5,4,4,18,18,2.5,3,868,0,1,1,8760,239799
3435,2403,1207,1032,7,7,3,3,84,74,2.0,1,349,2,1,1,24090,244400
3456,1728,1728,1728,6,5,3,3,48,48,2.0,2,574,0,1,1,12640,150900
3052,2060,1022,992,7,5,4,4,25,25,3.5,2,390,1,1,1,8755,214000
2880,1440,1440,1440,4,3,3,3,47,47,4.0,0,0,0,1,0,7711,150000
3264,1632,1632,1632,5,4,3,3,57,57,2.0,2,576,0,1,1,25000,143000
2163,1344,1344,819,6,6,3,4,66,66,1.5,2,525,1,1,1,14375,137500
2837,1869,1188,1088,5,6,3,3,134,28,1.0,2,456,0,1,1,8820,124900
2288,1144,1144,1144,5,6,3,3,65,65,2.0,1,796,1,1,1,8163,143000
3245,1629,1629,1616,8,5,4,4,22,21,3.0,3,808,1,1,1,14536,270000
2712,1776,936,936,7,5,4,4,22,22,2.5,2,474,1,1,1,14006,192500
2542,1381,1381,1161,6,7,3,4,52,18,2.5,2,676,1,1,1,9360,197500
1728,864,864,864,5,8,3,4,74,22,2.0,2,720,0,1,1,7200,129000
1793,965,965,828,5,5,3,3,59,59,2.0,1,300,0,1,1,7800,119900
1536,768,768,768,5,8,3,3,52,21,1.5,1,396,0,1,1,7200,133900
2752,1968,1168,784,5,4,3,3,55,55,3.0,2,530,1,1,1,11075,172000
1925,980,980,945,6,5,3,3,49,49,3.0,0,0,0,1,0,9400,127500
2937,1958,979,979,6,6,3,3,78,74,2.0,2,492,0,1,1,7136,145000
1790,1229,561,561,6,6,3,3,44,44,1.5,2,462,1,1,1,1300,124000
2114,1057,1057,1057,5,5,3,3,62,62,1.0,2,576,0,1,1,7420,132000
2674,1337,1337,1337,7,5,4,4,21,21,3.0,2,531,0,1,1,8450,185000
2112,1416,696,696,7,5,4,4,25,25,3.5,2,484,0,1,1,2572,155000
1716,858,858,858,5,7,3,3,66,16,2.0,0,0,0,1,0,7207,116500
4202,2872,1542,1330,6,7,3,3,47,29,3.5,2,619,1,1,1,12227,272000
2352,1548,804,804,6,6,3,4,48,48,3.5,2,440,1,1,1,2308,155000
3600,1800,1800,1800,9,5,4,5,17,17,2.0,2,702,0,1,1,11923,239000
2711,1894,824,817,7,5,4,4,22,21,3.5,2,510,1,1,1,11316,214900
2267,1484,783,783,6,5,4,4,19,17,2.5,2,393,1,1,1,10237,178900
2036,1308,976,728,5,7,4,3,84,74,2.5,1,256,2,1,1,9600,160000
2196,1098,1098,1098,5,7,3,3,69,69,2.0,1,260,0,1,1,7390,135000
1568,968,600,600,3,6,3,3,114,74,1.0,0,0,0,1,0,5925,37900
1683,1095,1095,588,6,5,3,3,66,66,2.0,1,264,0,1,1,10382,140000
1912,1192,720,720,4,4,3,3,75,74,1.5,0,0,0,1,0,10800,135000
2390,1626,764,764,7,5,4,4,21,20,2.0,2,474,0,1,1,2268,173000
1836,918,918,918,6,5,3,3,45,45,2.0,1,264,1,1,1,7892,99500
2856,1428,1428,1428,7,5,4,4,17,16,2.0,2,480,0,1,1,11639,182000
2747,2019,1136,728,7,8,3,4,114,31,1.0,2,532,0,1,1,11414,167500
2055,1382,673,673,7,5,4,4,24,24,3.5,2,490,0,1,1,2651,165000
1309,869,869,440,4,7,3,2,101,66,1.0,0,0,0,1,0,5900,85500
2482,1241,1241,1241,7,5,4,4,18,17,2.5,2,569,0,1,1,4274,199900
1788,894,894,894,4,5,3,3,70,70,1.0,2,400,0,1,1,9450,110000
2242,1121,1121,1121,5,6,3,3,61,61,2.0,2,480,0,1,1,8816,139000
1943,999,999,944,7,9,5,5,63,17,2.0,2,588,0,1,1,12122,178400
3837,2612,1276,1225,8,5,4,4,26,25,3.5,3,676,1,1,1,12203,336000
2532,1266,1266,1266,7,5,4,4,17,17,2.0,2,388,1,1,1,3182,159895
3418,2290,1149,1128,8,5,4,4,22,22,2.5,2,779,1,1,1,11250,255900
1734,1734,1302,0,5,5,3,4,47,47,2.0,2,539,0,0,1,10125,126000
2328,1164,1164,1164,5,5,3,3,74,74,2.0,1,240,0,1,1,10880,125000
2120,1635,1001,485,6,8,3,4,114,21,1.0,1,255,0,1,1,5310,117000
3870,1940,1940,1930,9,5,5,5,15,14,3.5,3,606,1,1,1,10159,395192
2878,2030,1118,848,6,6,3,4,48,48,2.5,2,551,1,1,1,12046,195000
2346,1576,778,770,7,5,4,4,18,18,2.5,2,614,0,1,1,8125,197000
3788,2392,1407,1396,8,5,4,4,27,26,3.5,3,870,1,1,1,9452,348000
2658,1742,916,916,8,9,4,4,142,38,1.5,2,424,1,1,1,17671,168000
2673,1851,1020,822,6,8,3,4,60,31,2.5,2,440,1,1,1,9760,187000
2250,1500,750,750,6,5,3,4,19,18,2.5,2,564,0,1,1,8846,173900
3418,1718,1718,1700,10,5,5,5,18,17,3.0,3,786,1,1,1,12456,337500
1977,1230,774,747,4,7,3,3,78,74,2.5,1,305,0,1,1,4712,121600
2100,1050,1050,1050,5,6,3,3,63,63,2.0,1,368,0,1,1,10659,136500
2884,1442,1442,1442,6,6,3,3,54,54,2.0,2,615,1,1,1,11717,185000
2084,1077,1077,1007,3,4,3,3,102,74,1.0,1,210,1,1,1,9786,91000
2395,1208,1208,1187,7,5,4,4,18,18,3.0,2,632,0,1,1,6762,206000
944,944,944,0,3,3,3,2,72,72,1.0,2,528,0,0,1,10206,82000
1382,691,691,691,5,6,3,5,104,74,1.0,1,216,0,1,1,5400,86000
3148,1574,1574,1574,8,5,4,4,18,18,2.0,3,824,1,1,1,11957,232000
3360,1680,1680,1680,5,6,3,3,48,48,2.0,2,528,0,1,1,11500,136905
2850,1504,1504,1346,7,5,4,4,19,18,2.0,2,457,1,1,1,3182,181000
1970,985,985,985,5,8,4,3,47,47,2.0,1,328,0,1,1,8385,149900
3314,1657,1657,1657,6,3,3,3,54,54,2.5,2,484,1,1,1,12155,163500
1638,1092,546,546,4,4,3,3,54,54,1.5,1,286,0,1,1,2217,88000
3420,1710,1710,1710,7,5,4,4,20,19,2.0,2,550,1,1,1,12118,240000
2016,1522,1008,1008,5,5,3,3,98,74,2.0,0,0,0,1,0,6000,102000
1991,1271,720,720,5,5,3,3,76,74,2.0,1,312,1,1,1,21286,135000
1664,1664,1664,0,5,5,3,3,59,59,2.0,0,0,0,0,0,9825,100000
2104,1502,900,602,6,7,3,4,101,28,1.5,1,180,2,1,1,10592,165000
2044,1022,1022,1022,5,4,3,3,114,18,2.0,1,280,0,1,1,7200,85000
2164,1082,1082,1082,6,5,3,3,76,74,1.0,1,240,1,1,1,11664,119200
2475,1665,810,810,8,6,4,4,23,23,3.5,2,528,0,1,1,8400,227000
3008,1504,1504,1504,7,5,4,4,28,28,3.0,2,478,1,1,1,11883,203000
2580,1360,1360,1220,8,5,4,4,40,40,2.0,2,565,1,1,1,5814,187500
1856,1472,802,384,7,5,4,4,33,32,2.5,2,402,1,1,1,10784,160000
2868,1506,1506,1362,7,5,4,4,19,19,2.0,2,440,1,1,1,3013,213490
2264,1132,1132,1132,4,5,3,4,19,19,2.5,2,451,0,1,1,7024,176000
2419,1220,1220,1199,7,5,4,4,18,18,3.0,2,632,0,1,1,7406,194000
2160,1248,912,912,5,5,3,3,94,74,1.0,1,160,0,1,1,9439,87000
2850,1504,1504,1346,7,5,4,4,19,18,2.0,2,437,1,1,1,3182,191000
4463,2898,2898,1565,8,6,4,4,48,48,3.0,2,665,1,1,1,15498,287000
1764,882,882,882,5,5,3,3,52,52,2.0,2,461,0,1,1,7700,112500
2532,1264,1264,1268,5,5,3,3,64,64,2.0,2,461,2,1,1,9300,167500
3284,1646,1646,1638,8,5,4,4,17,16,3.0,3,800,1,1,1,9520,293077
2144,1376,968,768,5,5,3,3,83,74,2.0,1,240,1,1,1,9492,105000
1890,1218,672,672,6,7,3,3,52,52,2.0,1,264,0,1,1,1680,118000
2614,1928,948,686,5,8,3,3,108,29,2.0,0,0,0,1,0,7082,160000
3509,3082,1687,824,7,3,3,3,104,54,3.5,2,672,2,1,1,15863,197000
3858,2520,1352,1338,8,7,4,4,31,31,3.5,3,796,1,1,1,14541,310000
3308,1654,1654,1654,7,5,4,4,22,22,3.0,3,900,0,1,1,8125,230000
1874,954,954,920,5,7,3,2,86,74,1.0,1,240,1,1,1,6305,119750
845,845,845,0,4,3,3,3,67,67,1.0,1,290,0,0,1,11500,84000
3240,1620,1620,1620,9,5,4,5,17,16,3.0,3,912,1,1,1,12898,315500
3318,2263,1055,1055,8,5,4,4,23,22,2.5,2,905,1,1,1,9240,287000
1890,1344,798,546,4,6,3,3,54,16,1.5,0,0,1,1,0,1533,97000
1260,630,630,630,4,4,3,3,54,54,2.0,1,286,0,1,1,1477,80000
2937,1803,1803,1134,5,4,3,3,67,24,3.0,2,484,1,1,1,13125,155000
2432,1632,800,800,6,8,3,4,58,24,2.0,2,484,0,1,1,9130,173000
2612,1306,1306,1306,6,5,4,4,19,19,3.0,2,624,1,1,1,5381,196000
3804,2329,1532,1475,7,5,3,4,34,34,3.5,2,514,1,1,1,11839,262280
5048,2524,2524,2524,8,5,4,4,43,43,3.5,2,542,1,1,1,9600,278000
1733,1733,1733,0,3,5,3,3,69,69,2.0,2,452,1,0,1,13680,139600
4860,2868,1992,1992,9,5,4,5,19,18,3.5,3,716,1,1,1,16056,556581
1980,990,990,990,5,5,3,3,30,29,1.5,2,672,0,1,1,9245,145000
1771,1771,1771,0,5,4,3,3,64,18,1.0,2,336,1,0,1,21750,115000
930,930,930,0,4,7,3,4,78,18,1.0,1,308,0,0,1,11100,84900
2604,1302,1302,1302,7,5,4,4,17,17,2.0,2,436,0,1,1,8993,176485
2632,1316,1316,1316,7,5,4,4,17,17,2.0,2,440,1,1,1,11175,200141
2793,1977,1127,816,6,6,3,3,60,46,2.0,2,540,1,1,1,9500,165000
2742,1526,1526,1216,5,6,3,3,67,22,1.0,1,364,1,1,1,8562,144500
3054,1989,1091,1065,8,5,4,4,22,22,3.5,2,586,1,1,1,11367,255000
2716,1523,1523,1193,6,5,3,3,48,48,2.5,2,478,1,1,1,11361,180000
2728,1364,1364,1364,7,5,4,4,19,19,3.0,2,484,1,1,1,7052,185850
2823,1850,979,973,7,6,4,4,30,30,2.5,2,467,1,1,1,29959,248000
3288,2184,1130,1104,9,5,5,5,16,16,3.5,3,836,1,1,1,11308,335000
2845,1991,1096,854,6,7,3,3,92,74,1.5,2,432,1,1,1,11275,220000
2676,1338,1338,1338,8,5,4,4,23,23,3.0,2,582,0,1,1,4920,213500
1788,894,894,894,3,4,2,3,89,74,1.0,3,1248,0,1,1,18000,81000
2999,2337,1422,662,5,5,3,3,124,74,2.0,2,560,0,1,1,13600,90000
2206,1103,1103,1103,6,6,3,4,99,44,1.0,2,440,1,1,1,6000,110500
2308,1154,1154,1154,5,6,3,3,58,58,1.5,2,480,1,1,1,11000,154000
3566,2260,1306,1306,7,5,4,4,28,27,3.5,2,533,0,1,1,14000,328000
2370,1571,799,799,6,7,4,3,31,30,2.5,2,380,1,1,1,7837,178000
2391,1611,798,780,6,6,3,3,60,60,2.5,2,442,0,1,1,9760,167900
3463,2521,1291,942,6,4,3,3,51,51,3.5,2,576,1,1,1,3964,151400
1738,893,893,845,5,7,3,4,75,21,1.5,2,576,0,1,1,9600,135000
2096,1048,1048,1048,5,5,3,3,68,68,2.0,1,286,0,1,1,10152,135000
2283,1556,829,727,6,6,3,3,56,56,1.5,2,441,0,1,1,11700,154000
2266,1456,1002,810,5,3,3,3,76,74,2.5,1,280,1,1,1,7585,91500
2116,1426,698,690,6,6,3,3,47,47,1.5,2,440,0,1,1,7950,159500
2480,1240,1240,1240,7,5,4,4,18,18,2.0,3,826,0,1,1,8556,194000
2540,1740,960,800,7,6,3,3,84,40,1.5,1,240,2,1,1,13125,219500
2262,1466,1096,796,5,8,3,4,88,35,2.5,2,566,1,1,1,10800,170000
2192,1096,1096,1096,5,5,3,3,55,55,2.0,1,299,0,1,1,15870,138800
1696,848,848,848,6,5,4,4,20,20,2.0,2,420,1,1,1,4435,155900
1980,990,990,990,5,5,3,3,30,30,1.0,1,299,0,1,1,8775,126000
2516,1258,1258,1258,6,7,4,4,53,20,2.5,2,528,0,1,1,11040,145000
2080,1040,1040,1040,5,5,3,3,61,61,2.5,1,308,0,1,1,7500,133000
2918,1459,1459,1459,7,5,4,4,22,22,2.0,2,527,1,1,1,8749,192000
2502,1251,1251,1251,6,6,3,3,60,60,2.0,1,461,2,1,1,8800,160000
2189,1498,691,691,6,5,3,3,29,28,2.5,2,409,1,1,1,13031,187500
1932,996,996,936,6,6,3,4,32,32,2.0,2,564,0,1,1,9069,147000
1638,1092,546,546,4,5,3,3,51,51,1.5,1,286,0,1,1,1974,83500
3035,1953,1082,1082,8,5,4,4,19,18,2.5,3,1043,1,1,1,10574,252000
2679,1709,970,970,7,5,4,4,20,20,2.0,2,380,0,1,1,2522,137500
2494,1247,1247,1247,8,5,4,4,19,19,2.5,2,550,1,1,1,3316,197000
1040,1040,1040,0,3,4,3,3,74,74,2.0,2,400,0,0,1,8544,92900
1852,1252,624,600,7,5,4,4,25,24,3.5,2,462,0,1,1,2160,160000
2875,1694,1390,1181,6,5,3,3,99,74,2.0,2,576,1,1,1,8400,136500
2064,1200,1200,864,5,8,3,4,59,26,2.5,2,884,0,1,1,9230,146000
1872,936,936,936,5,7,3,3,68,24,2.0,1,308,0,1,1,5868,129000
2628,1314,1314,1314,6,5,4,4,18,18,2.0,2,440,1,1,1,9317,176432
2039,1355,773,684,6,7,3,4,110,18,1.5,0,0,0,1,0,6882,127000
2162,1088,1088,1074,8,5,4,4,38,38,1.5,2,461,0,1,1,3696,170000
1996,1324,757,672,4,6,3,3,88,74,1.0,1,240,0,1,1,6000,128000
2872,1601,1601,1271,7,5,3,3,46,46,2.0,2,478,1,1,1,11880,157000
728,438,438,290,2,5,3,2,104,74,1.0,1,246,0,1,1,8400,60000
1900,950,950,950,5,5,3,3,53,53,1.0,1,280,0,1,1,9758,119500
2144,1134,1134,1010,5,7,3,3,64,22,1.0,1,254,0,1,1,7000,135000
1849,1194,1194,655,6,6,3,3,65,65,1.5,2,539,1,1,1,8910,159500
1932,1302,630,630,5,5,3,3,54,54,2.5,2,440,0,1,1,2016,106000
4085,2622,1500,1463,8,5,4,4,30,29,3.5,2,712,2,1,1,12256,325000
2352,1442,1442,910,7,5,4,4,34,33,3.0,2,719,1,1,1,10357,179900
2889,2021,887,868,7,5,4,4,18,18,2.5,2,422,1,1,1,23257,274725
2614,1690,948,924,6,5,3,3,24,24,2.5,2,463,1,1,1,8063,181000
3672,1836,1836,1836,8,5,4,4,20,19,3.0,3,862,1,1,1,11362,280000
2431,1658,773,773,6,5,3,3,29,28,3.5,2,431,1,1,1,8000,188000
2767,1964,1098,803,7,6,3,3,48,48,2.5,2,483,1,1,1,10480,205000
1632,816,816,816,5,7,3,3,67,67,2.0,1,308,0,1,1,7100,129900
2016,1008,1008,1008,5,7,3,4,71,18,2.0,1,240,0,1,1,8923,134500
1666,833,833,833,5,7,3,4,70,24,1.0,1,326,0,1,1,5400,117000
3468,1734,1734,1734,8,5,4,5,17,17,3.0,3,928,1,1,1,12085,318000
1827,1419,779,408,8,5,4,4,22,22,3.5,2,527,1,1,1,7750,184100
1788,894,894,894,5,7,3,4,57,21,2.0,2,450,0,1,1,9764,130000
2134,1601,1021,533,5,6,3,3,66,37,1.5,1,300,0,1,1,13825,140000
2080,1040,1040,1040,5,5,3,3,65,65,1.0,1,286,0,1,1,7560,133700
2024,1012,1012,1012,6,5,3,3,104,74,1.0,1,308,1,1,1,8263,118400
3104,1552,1552,1552,7,5,4,4,19,18,2.0,3,782,0,1,1,10084,212900
1632,960,960,672,4,3,3,3,68,68,1.0,1,288,0,1,1,8926,112000
1396,698,698,698,5,9,3,3,77,16,1.5,0,0,0,1,0,9405,118000
1866,1482,812,384,7,5,3,4,32,32,2.5,2,392,1,1,1,9125,163900
2010,1005,1005,1005,4,5,3,2,69,69,1.0,2,672,1,1,1,10434,115000
2928,1555,1555,1373,7,5,4,4,17,17,2.0,3,660,1,1,1,3684,174000
3060,1530,1530,1530,7,5,4,4,20,20,3.0,3,630,1,1,1,14572,259000
2806,1959,847,847,7,5,4,4,20,19,2.5,2,434,1,1,1,11796,215000
1872,936,936,936,5,5,3,3,44,44,2.0,2,672,0,1,1,7200,140000
3103,1981,1328,1122,4,3,3,4,96,74,3.0,2,576,2,1,1,7804,135000
1948,974,974,974,5,5,3,3,33,32,1.0,0,0,0,1,0,10712,93500
3218,2210,1178,1008,6,4,3,2,144,74,2.0,1,205,0,1,1,9900,117500
3148,2020,1142,1128,8,5,4,4,29,29,2.5,2,466,1,1,1,9828,239500
2516,1600,916,916,6,5,3,3,27,27,2.5,2,460,1,1,1,8773,169000
1946,986,986,960,6,5,3,3,98,74,1.0,1,180,1,1,1,6180,102000
2284,1252,1032,1032,6,5,3,3,74,74,1.0,1,288,0,1,1,9600,119000
1800,1020,780,780,5,8,3,3,149,28,1.0,0,0,0,1,0,6342,94000
3134,1567,1567,1567,6,5,3,4,47,47,3.0,2,714,2,1,1,9819,196000
2082,1167,1167,915,5,5,3,3,104,74,1.0,2,495,1,1,1,8731,144000
1904,952,952,952,5,7,3,3,73,73,2.0,2,840,0,1,1,7350,139000
2648,1868,1088,780,5,7,3,4,48,48,3.5,2,484,1,1,1,10304,197500
4294,2828,1466,1466,8,5,4,4,18,17,4.0,3,1052,1,1,1,9965,424870
2012,1006,1006,1006,5,3,3,3,65,65,1.0,0,0,0,1,0,9000,80000
1596,924,672,672,4,4,3,2,83,74,2.0,1,280,0,1,1,12180,80000
2618,1576,1042,1042,5,6,3,3,96,74,1.0,1,225,1,1,1,6240,149000
2596,1298,1298,1298,6,5,4,4,39,39,3.0,2,403,1,1,1,11200,180000
2268,1564,860,704,7,7,3,2,83,74,1.5,1,234,1,1,1,12000,174500
1683,1111,572,572,7,7,3,3,98,74,1.0,1,288,1,1,1,5700,116900
2132,1482,832,650,7,9,3,3,104,36,1.5,2,324,0,1,1,9000,143000
1864,932,932,932,6,5,3,4,74,74,1.0,1,306,1,1,1,8280,124000
2932,1466,1466,1466,5,4,3,2,65,65,1.5,2,528,2,1,1,17755,149900
2884,1811,1811,1073,6,7,3,5,68,20,1.0,2,470,1,1,1,14115,230000
1632,816,816,816,6,8,4,3,94,17,1.0,1,432,0,1,1,5890,120500
2684,1820,902,864,7,6,3,4,59,36,2.0,2,492,2,1,1,13700,201800
2874,1437,1437,1437,5,8,4,4,48,20,3.0,2,528,1,1,1,10768,218000
2484,1265,1265,1219,5,8,3,4,59,25,2.5,2,502,1,1,1,9350,179900
2628,1314,1314,1314,7,5,4,4,17,16,3.0,2,626,1,1,1,5001,230000
3160,1580,1580,1580,8,5,4,4,17,16,2.0,3,830,0,1,1,11932,235128
2777,1876,943,901,6,6,4,4,50,50,2.5,2,540,1,1,1,9120,185000
2311,1456,855,855,6,5,3,3,46,46,2.5,2,440,1,1,1,2280,146000
2936,1640,1640,1296,6,7,4,4,70,18,2.0,2,924,1,1,1,14778,224000
1788,894,894,894,5,5,3,3,56,56,1.0,2,450,1,1,1,8724,129000
2456,1258,1258,1198,4,4,3,3,55,55,3.0,2,400,0,1,1,12900,108959
2792,1432,1432,1360,5,7,3,4,46,46,2.5,2,588,1,1,1,16157,194000
3004,1502,1502,1502,7,5,4,4,15,15,2.0,2,644,0,1,1,9541,233170
3388,1694,1694,1694,8,5,4,4,16,16,2.0,3,776,0,1,1,10475,245350
2630,1671,959,959,6,5,3,3,24,24,3.5,2,472,1,1,1,10852,173000
3235,2108,1236,1127,6,7,3,4,89,38,2.0,2,540,2,1,1,13728,235000
5557,3627,1831,1930,10,5,4,4,29,28,4.5,3,807,1,1,1,35760,625000
2214,1118,1118,1096,6,6,3,3,47,47,2.0,1,358,1,1,1,9880,171000
2522,1261,1261,1261,6,6,3,3,66,66,2.0,2,433,1,1,1,9120,163000
1875,1250,625,625,7,5,4,4,18,17,2.5,2,625,0,1,1,4017,171900
4205,3086,1636,1598,5,6,3,5,78,30,3.0,0,0,1,1,0,18030,200500
3297,2345,1170,952,6,8,3,3,92,74,2.5,2,360,1,1,1,16560,239000
4555,2872,2129,1683,8,5,4,4,32,24,2.5,2,541,1,1,1,10678,285000
1799,923,923,876,5,5,3,3,40,39,2.0,1,264,0,1,1,6951,119500
2042,1224,818,818,6,8,3,3,98,20,1.0,1,210,0,1,1,3950,115000
2074,1343,820,731,5,6,3,3,103,74,1.5,1,186,1,1,1,7681,154900
1124,1124,1124,0,5,5,3,3,70,70,1.0,0,0,1,0,0,8335,93000
3730,2514,1298,1216,7,5,3,3,34,33,2.5,2,693,0,1,1,11170,250000
3252,1652,1652,1600,8,5,5,4,16,16,3.5,2,482,1,1,1,5587,392500
6872,4476,2411,2396,10,5,4,5,28,28,4.5,3,813,2,1,1,15623,745000
2250,1130,1130,1120,5,6,3,3,104,74,2.0,2,720,1,1,1,10800,120000
3144,1572,1572,1572,5,4,3,3,61,61,2.5,3,995,2,1,1,35133,186700
2005,1221,949,784,5,7,3,3,100,74,2.0,1,392,0,1,1,9738,104900
2677,1699,1014,978,3,5,3,3,124,54,3.0,2,420,0,1,1,10615,95000
3248,1624,1624,1624,8,5,4,4,30,29,3.0,3,757,1,1,1,12461,262000
2491,1660,831,831,7,5,4,4,22,22,2.5,2,493,0,1,1,8935,195000
2798,1804,1028,994,7,5,3,4,25,25,2.5,2,442,1,1,1,7500,189000
2871,1622,1622,1249,4,4,3,3,63,49,2.0,4,1356,1,1,1,32463,168000
2217,1441,764,776,8,5,4,4,25,24,2.5,2,492,0,1,1,2645,174000
2174,1472,842,702,5,8,3,4,99,30,1.0,1,250,0,1,1,9600,125000
2448,1224,1224,1224,6,5,3,3,25,25,3.0,2,402,0,1,1,4500,165000
2015,1352,663,663,6,7,3,3,55,55,1.5,1,299,0,1,1,9364,158000
2184,1456,728,728,6,5,3,4,19,19,2.5,2,400,0,1,1,8029,176000
2742,1863,879,879,7,5,4,4,18,18,2.5,3,660,1,1,1,14054,219210
2505,1690,815,815,7,6,3,3,108,74,1.0,1,225,1,1,1,8850,144000
2424,1212,1212,1212,7,5,4,4,23,23,2.0,2,573,0,1,1,9100,178000
2433,1382,1382,1051,4,5,3,3,61,45,1.5,2,459,1,1,1,11235,148000
1728,864,864,864,4,5,3,3,54,54,1.0,1,280,0,1,1,9353,116050
2645,1779,866,866,7,5,3,4,26,26,2.5,2,546,0,1,1,10400,197900
2232,1348,884,884,5,8,3,3,99,27,2.0,1,216,1,1,1,6000,117000
3260,1630,1630,1630,7,5,4,4,24,23,2.0,2,451,1,1,1,9750,213000
2130,1074,1074,1056,5,6,3,3,49,49,2.5,2,495,0,1,1,10140,153500
4354,2196,2196,2158,7,7,4,4,34,33,2.0,3,701,1,1,1,14684,271900
2112,1056,1056,1056,4,4,3,3,58,58,2.0,1,384,0,1,1,8900,107000
3382,1700,1700,1682,6,5,4,4,21,21,3.0,2,544,0,1,1,9135,200000
2214,1283,1283,931,5,7,3,3,62,44,2.0,2,506,0,1,1,7763,140000
3320,1660,1660,1660,8,5,4,4,18,18,3.0,2,500,1,1,1,10182,290000
2900,1845,1055,1055,6,5,4,4,32,32,2.5,2,462,1,1,1,11218,189000
2311,1752,1080,559,8,7,4,3,36,19,2.0,2,492,0,1,1,12134,164000
1344,672,672,672,4,6,3,3,83,74,2.0,1,234,0,1,1,9340,113000
1608,960,960,648,4,9,3,3,59,23,1.5,1,364,0,1,1,10246,145000
1924,999,999,925,5,5,3,3,62,62,2.0,1,300,0,1,1,10205,134500
1788,894,894,894,5,5,3,3,58,58,1.0,1,384,0,1,1,7094,125000
1902,1902,1318,0,6,5,3,3,46,46,2.0,2,539,0,0,1,8930,112000
2614,1314,1314,1300,8,5,4,4,15,15,3.0,2,552,0,1,1,8640,229456
912,912,672,0,4,5,3,3,77,74,1.0,0,0,0,0,0,6240,80500
1890,1218,672,672,6,5,3,3,53,53,1.5,0,0,0,1,0,1680,91500
1824,912,912,912,5,5,3,3,60,60,1.0,1,288,0,1,1,7800,115000
2163,1211,1211,952,5,5,3,3,56,56,1.0,1,322,1,1,1,8250,134000
2886,1846,1168,1040,6,6,3,3,75,74,2.0,1,315,1,1,1,10496,143000
4272,2136,2136,2136,5,3,3,3,73,73,2.0,2,528,0,1,1,10680,137900
2278,1490,788,788,7,5,4,4,20,19,3.5,2,388,1,1,1,15384,184000
1726,1138,1138,588,6,8,3,3,66,66,1.5,1,264,0,1,1,10482,145000
2827,1933,894,894,6,5,4,4,17,17,2.5,3,668,1,1,1,14598,214000
1824,912,912,912,5,8,3,4,59,16,2.0,2,576,0,1,1,8872,147000
3404,1702,1702,1702,9,5,5,5,16,16,2.5,3,1052,1,1,1,8769,367294
2582,1507,1507,1075,5,5,3,3,64,64,2.0,1,404,0,1,1,7910,127000
3981,2620,1361,1361,5,5,3,3,47,47,3.0,2,600,1,1,1,18890,190000
2296,1190,1190,1106,5,6,3,3,62,62,2.0,2,540,0,1,1,7728,132500
1224,1224,1224,0,4,5,3,3,62,62,2.0,2,462,0,0,1,9842,101800
2376,1188,1188,1188,5,5,3,3,65,65,2.0,2,531,0,1,1,12160,142000
2904,1964,1024,940,5,6,3,3,113,74,1.5,0,0,0,1,0,8525,130000
2531,1784,892,747,5,5,3,3,110,74,1.5,1,180,0,1,1,13132,138887
2390,1626,764,764,7,5,4,4,21,21,2.5,2,474,0,1,1,2628,175500
2795,1948,847,847,7,5,4,4,20,19,2.5,2,434,1,1,1,12393,195000
2282,1141,1141,1141,6,5,4,3,19,19,1.5,2,484,0,1,1,13072,142500
2960,1484,1484,1476,8,5,4,5,18,18,2.0,2,472,1,1,1,9037,265900
2652,1768,884,884,7,5,4,4,21,21,3.5,2,543,0,1,1,8158,224900
3378,1689,1689,1689,7,6,4,4,17,17,2.0,3,954,0,1,1,9849,248328
2226,1173,1173,1053,7,6,3,4,50,50,3.0,2,528,2,1,1,10625,170000
4152,2076,2076,2076,10,5,5,5,18,18,3.5,3,850,1,1,1,13891,465000
2309,1517,792,792,8,7,3,4,95,74,1.0,2,400,2,1,1,11435,230000
2453,1868,1140,585,6,7,3,3,40,21,3.5,2,477,1,1,1,12090,178000
2309,1553,756,756,7,5,4,4,19,18,2.5,2,615,0,1,1,8125,186500
2046,1034,1034,1012,6,5,3,3,48,48,2.0,3,888,0,1,1,12328,169900
2793,2058,1134,735,6,5,3,3,107,74,1.5,2,396,1,1,1,9600,129500
1864,988,988,876,5,7,3,3,74,74,1.0,1,276,0,1,1,7200,119000
4220,2110,2110,2110,7,5,4,5,56,56,3.5,2,522,2,1,1,11160,244000
2810,1405,1405,1405,7,5,4,4,21,21,2.0,2,478,1,1,1,3136,171750
1738,874,874,864,5,6,3,3,56,56,2.0,1,288,0,1,1,9858,130000
3359,2167,1516,1192,7,7,4,4,50,21,3.5,2,518,2,1,1,17542,294000
2402,1656,760,746,7,5,4,4,21,20,2.5,2,397,1,1,1,6931,165400
2251,1367,959,884,6,6,3,3,93,74,1.0,1,560,1,1,1,6240,127500
3973,1987,1987,1986,8,5,4,4,30,30,3.0,2,691,1,1,1,14303,301500
1728,864,864,864,5,8,3,3,102,74,1.0,0,0,0,1,0,4060,99900
2022,1166,1166,856,7,5,4,4,19,19,3.0,2,400,0,1,1,9587,190000
2108,1054,1054,1054,6,8,3,3,55,55,2.5,2,460,0,1,1,9750,151000
2516,1675,892,841,6,5,3,3,25,25,2.5,2,502,1,1,1,24682,181000
2100,1050,1050,1050,5,6,3,3,68,68,1.0,1,338,0,1,1,9600,128900
2892,1788,1104,1104,4,5,3,3,67,35,2.0,1,304,2,1,1,11250,161500
2588,1824,1060,764,6,6,3,3,105,74,1.0,2,520,1,1,1,13515,180500
2742,1337,1337,1405,6,5,4,4,26,25,3.0,2,511,0,1,1,4060,181000
2143,1452,713,691,7,5,4,4,25,25,3.5,2,506,0,1,1,3735,183900
2814,1889,964,925,7,4,2,3,114,74,1.5,1,308,1,1,1,10120,122000
4020,2018,2018,2002,9,5,5,5,16,15,2.0,3,746,1,1,1,13214,378500
4175,3447,1968,728,8,9,3,4,89,27,3.5,3,1014,2,1,1,14100,381000
2398,1524,874,874,5,5,3,3,66,66,1.5,1,315,0,1,1,11344,144000
2856,1524,1332,1332,7,6,4,4,45,45,2.5,2,586,1,1,1,23595,260000
2978,1489,1489,1489,6,7,3,4,56,56,2.0,2,462,1,1,1,9156,185750
1870,935,935,935,5,6,3,3,59,59,2.0,1,288,0,1,1,13526,137000
2376,1357,1357,1019,6,7,3,5,65,18,2.0,1,312,1,1,1,11512,177000
1911,1250,661,661,5,6,3,3,114,21,2.0,2,552,1,1,1,5362,139000
2848,1920,928,928,5,5,3,3,76,74,2.0,2,400,0,1,1,11345,137000
2118,1395,735,723,6,6,3,3,52,52,2.0,2,497,1,1,1,12936,162000
3404,1724,1724,1680,6,5,3,3,57,48,2.5,2,480,1,1,1,17871,197900
3159,2031,1128,1128,8,5,4,4,22,22,3.5,2,577,1,1,1,9473,237000
1826,1128,698,698,4,4,3,3,104,74,1.0,2,528,0,1,1,7500,68400
3146,1573,1573,1573,7,5,4,4,22,22,3.0,2,544,0,1,1,9808,227000
2648,1339,1339,1309,7,5,3,3,34,34,3.0,2,484,1,1,1,8049,180000
2080,1040,1040,1040,5,7,3,4,47,16,2.0,2,484,0,1,1,8800,150500
2736,1824,912,912,6,5,3,3,53,53,3.0,0,0,0,1,0,9400,139000
3251,2447,1699,804,6,7,3,4,105,34,2.0,1,336,1,1,1,9638,169000
2192,1412,825,780,6,6,3,3,85,74,1.0,1,280,1,1,1,6000,132500
2656,1328,1328,1328,6,5,3,3,61,61,2.5,2,528,2,1,1,9790,143000
3206,1582,1582,1624,5,5,3,3,60,60,2.5,2,390,0,1,1,36500,190000
3160,1659,1659,1501,8,5,4,5,24,24,3.0,2,499,1,1,1,5664,278000
3055,1970,1120,1085,8,5,4,5,18,18,2.5,3,753,1,1,1,11065,281000
2304,1152,1152,1152,5,7,3,3,60,60,2.0,2,484,1,1,1,14112,180500
1932,1302,630,630,5,7,3,3,52,52,2.5,1,264,0,1,1,1680,119500
3366,2372,1378,994,5,4,3,3,132,59,2.0,1,432,0,1,1,6600,107500
2496,1664,832,832,7,5,3,3,48,48,2.5,2,528,1,1,1,10140,162900
1728,864,864,864,5,7,3,3,69,34,2.0,2,572,0,1,1,8172,115000
2104,1052,1052,1052,5,5,3,3,56,56,2.5,1,288,0,1,1,8400,138500
2248,1128,1128,1120,5,6,3,3,61,61,3.0,2,525,0,1,1,8700,155000
1619,1072,1072,547,6,5,3,3,19,18,3.0,2,525,0,1,1,3675,140000
11752,5642,4692,6110,10,5,5,5,16,16,4.5,2,1418,3,1,1,63887,160000
2492,1246,1246,1246,5,7,3,4,65,30,2.5,1,305,0,1,1,7500,154000
2961,1983,1005,978,7,5,4,4,25,25,2.5,2,490,1,1,1,10762,225000
2265,1494,753,771,6,7,3,4,82,74,1.0,1,213,2,1,1,7500,177500
3691,2526,1203,1165,8,5,4,4,30,30,3.5,3,844,1,1,1,10120,290000
3232,1616,1616,1616,7,5,4,4,19,19,2.0,3,834,0,1,1,8688,232000
2684,1708,976,976,7,5,4,4,20,20,2.0,2,380,0,1,1,3363,130000
3304,1652,1652,1652,9,5,4,5,18,17,3.0,2,840,2,1,1,13173,325000
2736,1368,1368,1368,7,5,4,4,19,18,2.0,2,474,1,1,1,6955,202500
1980,990,990,990,5,5,3,3,30,29,2.0,2,480,0,1,1,8072,138000
2046,1122,1122,924,5,7,3,4,76,19,2.0,2,528,0,1,1,12000,147000
2572,1294,1294,1278,6,5,3,4,33,33,3.0,2,496,0,1,1,7153,179200
3804,1902,1902,1902,7,8,4,5,65,22,3.0,2,567,2,1,1,17500,335000
2548,1274,1274,1274,7,5,4,4,19,17,3.0,2,508,0,1,1,8814,203000
4263,2810,1453,1453,8,5,4,4,34,34,2.5,2,750,1,1,1,9572,302000
3992,2599,1422,1393,9,5,4,4,25,25,2.5,3,779,1,1,1,14774,333168
1896,948,948,948,4,6,3,3,70,70,2.0,1,280,1,1,1,8190,119000
3064,2112,1092,952,6,5,3,3,55,55,2.5,2,576,2,1,1,11075,206900
3252,1630,1630,1622,8,5,4,5,16,16,3.0,3,860,1,1,1,10226,295493
2704,1352,1352,1352,7,5,4,4,18,17,2.0,2,466,1,1,1,4230,208900
3540,1787,1787,1753,8,5,4,4,23,22,2.0,3,748,1,1,1,14781,275000
1812,948,948,864,4,5,3,3,70,70,1.0,1,248,0,1,1,10215,111000
2956,1478,1478,1478,6,3,3,3,67,67,2.5,2,442,2,1,1,8400,156500
720,720,720,0,3,6,3,3,75,74,1.0,1,287,0,0,1,6627,72500
2673,1923,1061,750,7,5,4,4,32,32,3.5,2,564,1,1,1,10186,190000
1128,708,708,420,4,7,2,2,84,74,1.0,0,0,0,1,0,5330,82500
3590,1795,1795,1795,8,5,4,4,18,17,2.0,3,895,1,1,1,9986,147000
1592,796,796,796,4,4,3,3,102,74,1.0,0,0,0,1,0,3636,55000
1318,774,774,544,3,6,3,4,93,18,1.0,0,0,0,1,0,4270,79000
1632,816,816,816,5,9,4,4,42,16,1.5,1,264,1,1,1,6600,130500
4302,2792,1584,1510,6,7,4,3,104,74,2.0,2,520,2,1,1,10440,256000
2567,1632,955,935,7,5,3,3,26,26,2.5,2,462,1,1,1,9084,176500
3176,1588,1588,1588,8,5,4,4,18,18,2.0,3,825,1,1,1,10000,227000
1865,954,954,911,5,5,3,3,48,48,1.0,2,576,0,1,1,10780,132500
1632,816,816,816,4,6,3,3,86,66,2.0,1,288,1,1,1,8877,100000
2163,1360,803,803,5,6,3,4,86,29,1.5,1,297,0,1,1,7200,125500
2130,1365,765,765,5,6,3,3,54,54,1.5,2,440,0,1,1,2368,125000
2684,1334,1334,1350,6,5,3,3,47,47,2.5,2,630,1,1,1,9650,167900
3312,1656,1656,1656,5,5,3,3,51,51,2.0,2,506,0,1,1,9246,135000
1386,693,693,693,4,4,3,2,83,74,1.0,0,0,0,1,0,4118,52500
2777,1861,920,916,7,5,4,4,22,22,3.5,2,492,0,1,1,13450,200000
1728,864,864,864,5,7,3,3,52,52,1.0,1,288,0,1,1,9560,128500
1730,872,872,858,4,5,3,3,53,53,1.0,4,480,0,1,1,8294,123000
2228,1114,1114,1114,6,5,3,4,21,20,2.0,2,576,0,1,1,13695,155000
3453,2169,1284,1284,8,5,4,4,22,22,2.5,2,647,1,1,1,9375,228500
2809,1913,1172,896,6,6,3,3,96,74,1.5,2,342,1,1,1,7558,177000
2184,1456,728,728,7,5,4,4,18,18,2.5,2,440,1,1,1,11103,155835
1920,960,960,960,4,4,3,2,104,74,1.0,1,308,0,1,1,6000,108500
3724,2156,2156,1568,7,7,3,3,56,21,2.0,2,508,1,1,1,20781,262500
3508,1776,1776,1732,8,5,4,4,18,17,3.0,3,712,1,1,1,15306,283463
2976,1494,1494,1482,7,5,4,4,26,26,3.0,2,514,1,1,1,16196,215000
2837,2358,938,684,8,5,3,3,152,37,2.0,0,0,0,1,0,5250,122000
3882,2634,1338,1248,5,5,3,3,55,55,4.5,4,968,0,1,1,11643,200000
2574,1716,858,858,6,6,3,3,62,62,1.5,2,490,1,1,1,9247,171000
1874,1176,786,698,6,9,4,3,87,24,1.0,2,624,0,1,1,6000,134900
5271,3238,2053,2033,8,5,4,4,29,28,3.5,3,666,1,1,1,14720,410000
2857,1865,992,992,7,5,4,4,24,24,3.5,3,839,1,1,1,10316,235000
2490,1920,1222,570,7,6,3,4,56,32,3.0,2,487,1,1,1,10192,170000
1756,892,892,864,5,5,3,3,58,58,1.0,1,264,0,1,1,9477,110000
2156,1078,1078,1078,5,6,3,3,53,16,2.5,2,500,1,1,1,12537,149900
2329,1573,769,756,6,5,4,4,24,24,2.5,2,440,0,1,1,2117,177500
3960,1980,1980,1980,9,5,4,5,20,19,3.0,3,770,1,1,1,16737,315000
3213,2601,990,612,5,6,3,3,103,26,3.5,2,621,0,1,1,9842,189000
3060,1530,1530,1530,7,5,4,4,19,19,3.0,2,430,1,1,1,16158,260000
2453,1738,1281,715,4,4,3,3,104,17,2.0,1,368,1,1,1,12513,104900
2028,1412,616,616,6,5,3,4,18,17,2.5,2,432,1,1,1,8499,156932
1720,1200,520,600,7,5,4,4,19,19,2.5,2,480,0,1,1,3180,144152
2488,1674,814,814,7,5,4,4,24,24,3.5,2,663,0,1,1,7500,216000
2663,1790,882,873,7,5,4,4,25,25,3.5,2,588,0,1,1,9179,193000
2232,1475,925,757,5,6,3,3,47,47,2.0,1,336,1,1,1,2665,127000
1696,848,848,848,6,5,4,4,21,20,2.0,2,420,0,1,1,4435,144000
3325,1668,1668,1657,8,5,4,4,21,21,3.0,2,502,1,1,1,10635,232000
2214,1374,840,840,4,6,2,3,104,74,1.0,1,338,0,1,1,5400,105000
2653,1661,1661,992,6,6,3,4,69,28,2.0,1,377,1,1,1,9600,165500
3205,2097,1108,1108,7,6,3,4,26,26,3.5,2,583,1,1,1,9750,274300
5266,2633,2633,2633,10,5,5,5,23,22,3.5,3,804,2,1,1,11400,466500
2984,1958,1026,1026,7,5,4,4,19,19,2.5,3,936,1,1,1,10625,250000
3142,1571,1571,1571,8,5,4,4,17,17,2.0,3,722,1,1,1,10991,239000
1558,790,790,768,6,5,3,3,94,74,1.0,1,160,0,1,1,6292,91000
2588,1604,984,984,5,5,3,3,83,64,2.0,2,660,0,1,1,10998,117000
1470,987,483,483,6,5,3,3,51,51,1.5,1,264,0,1,1,1953,83000
1778,1394,754,384,5,5,3,4,18,17,2.5,2,400,0,1,1,9735,167500
1728,864,864,864,3,3,3,3,110,74,2.0,1,200,0,1,1,8212,58500
3322,2117,2117,1205,6,7,3,3,54,54,2.5,2,550,2,1,1,12925,237500
2358,1762,998,596,7,7,3,4,104,74,2.5,2,576,0,1,1,7200,157000
2232,1416,1416,816,5,7,3,4,106,17,2.0,2,576,0,1,1,25339,112000
1818,1258,698,560,6,5,3,3,85,74,1.0,1,280,0,1,1,9060,105000
1950,1154,796,796,4,8,3,4,102,17,2.0,1,240,0,1,1,5436,125500
4176,2784,1392,1392,7,5,3,4,46,46,4.5,2,564,2,1,1,16692,250000
3240,2526,1664,714,6,7,3,4,108,74,2.0,1,216,1,1,1,8520,136000
3492,1746,1746,1746,9,5,5,5,18,17,3.0,3,758,2,1,1,14892,377500
1953,1218,869,735,6,6,3,3,83,74,1.5,2,440,1,1,1,6000,131000
3050,1525,1525,1525,7,5,4,4,24,24,3.0,2,541,0,1,1,9100,235000
3168,1584,1584,1584,5,5,3,3,57,57,2.0,3,792,0,1,1,8944,124000
1764,900,900,864,5,5,3,3,57,57,2.0,1,288,1,1,1,7838,123000
2394,1912,1221,482,6,7,3,3,119,24,2.0,2,672,1,1,1,10800,163000
2856,1500,1500,1356,7,5,4,4,18,18,3.0,3,648,1,1,1,4045,246578
3576,2482,1133,1094,8,5,4,4,19,18,2.5,3,642,1,1,1,12665,281213
2434,1687,1687,747,5,5,3,3,76,74,2.0,2,572,2,1,1,57200,160000
2452,1513,939,939,5,8,3,3,104,20,1.5,1,180,0,1,1,6120,137500
3112,1904,1136,1208,5,4,3,3,74,42,2.5,1,240,0,1,1,7200,138000
2584,1608,1160,976,6,6,3,4,99,34,2.5,1,216,1,1,1,6171,137450
2020,1158,950,862,6,7,3,3,95,74,1.0,1,208,1,1,1,6000,120000
2432,1593,864,839,6,5,3,3,20,20,3.5,2,398,1,1,1,7415,193000
2580,1294,1294,1286,7,5,4,4,18,18,2.0,2,662,1,1,1,6762,193879
2949,1464,1464,1485,8,5,4,4,17,17,3.0,3,754,0,1,1,15256,282922
1886,1214,694,672,3,4,3,3,109,74,1.0,3,936,0,1,1,10410,105000
3240,1646,1646,1594,8,5,4,4,20,19,3.5,2,482,1,1,1,3842,275000
1536,768,768,768,5,7,3,3,52,17,2.0,2,396,0,1,1,8445,133000
1666,833,833,833,5,5,3,3,39,39,2.0,0,0,0,1,0,8780,112000
1985,1363,741,622,4,7,3,3,114,74,1.0,2,528,0,1,1,7740,125500
2884,2093,1236,791,7,6,3,3,38,33,2.5,2,542,1,1,1,20544,215000
2784,1840,944,944,7,5,4,4,23,23,3.5,2,622,0,1,1,12420,230000
2524,1668,1112,856,6,8,3,3,74,19,1.5,1,271,0,1,1,9600,140000
1040,1040,1040,0,4,5,3,3,75,74,2.0,2,420,0,0,1,7200,90000
3688,1844,1844,1844,8,5,4,4,19,18,3.0,2,620,1,1,1,10994,257000
2681,1848,1053,833,6,7,3,4,101,24,1.5,2,370,1,1,1,13053,207000
2955,1569,1569,1386,7,5,4,4,17,17,2.5,3,660,1,1,1,3635,175900
3067,2290,1246,777,4,6,3,3,139,74,2.0,2,560,0,1,1,11340,122500
3734,2450,1310,1284,8,5,4,4,26,26,3.5,3,1069,1,1,1,16545,340000
2288,1144,1144,1144,5,5,3,3,61,61,2.5,1,336,0,1,1,9204,124000
3688,1844,1844,1844,6,5,4,4,55,55,3.0,2,540,1,1,1,16381,223000
2124,1416,708,708,6,6,3,3,56,56,2.5,2,776,1,1,1,11700,179900
2138,1069,1069,1069,6,5,3,3,47,47,2.0,2,440,1,1,1,4043,127500
1696,848,848,848,6,5,4,4,21,21,2.0,2,420,0,1,1,4435,136500
2898,2201,1575,697,6,7,4,4,58,58,2.0,2,432,1,1,1,19690,274970
2368,1344,1344,1024,5,5,3,3,66,41,2.0,1,484,1,1,1,9503,144000
2504,1252,1252,1252,6,6,4,4,65,65,1.0,2,528,0,1,1,10721,142000
3350,2127,1223,1223,7,5,4,4,30,30,3.5,2,525,2,1,1,10944,271000
2471,1558,1048,913,5,6,3,3,79,74,2.5,1,288,1,1,1,10930,140000
1592,804,804,788,5,7,3,4,84,32,2.0,1,240,2,1,1,7200,119000
2880,1440,1440,1440,6,7,4,4,43,43,2.0,2,467,1,1,1,12546,182900
2570,1838,734,732,5,5,4,3,19,19,2.5,2,372,1,1,1,21930,192140
1916,958,958,958,6,6,3,3,48,48,2.0,2,440,0,1,1,4928,143750
1624,968,968,656,4,6,3,3,97,17,2.0,1,216,0,1,1,10800,64500
2728,1792,962,936,6,5,3,3,24,24,3.5,2,451,1,1,1,10261,186500
2252,1126,1126,1126,5,5,3,3,47,47,3.0,2,484,1,1,1,17400,160000
2856,1537,1537,1319,6,9,4,4,62,19,2.5,2,462,1,1,1,8400,174000
1728,864,864,864,4,6,3,3,53,53,1.0,2,528,0,1,1,9000,120500
3864,1932,1932,1932,8,5,5,5,16,16,3.0,3,774,1,1,1,12444,394617
2148,1236,1236,912,6,7,3,3,67,28,2.0,2,923,0,1,1,7407,149700
2264,1725,1040,539,7,6,3,3,45,45,2.5,2,550,1,1,1,11584,197000
2759,2555,1423,588,6,7,3,3,102,30,2.0,2,672,1,1,1,11526,191000
1696,848,848,848,6,5,4,4,20,20,2.0,2,420,1,1,1,4426,149300
3024,2007,1026,1017,10,5,5,5,16,16,3.5,3,812,1,1,1,11003,310000
1904,952,952,952,6,6,3,2,108,74,1.0,1,192,1,1,1,8854,121000
2844,1422,1422,1422,7,5,4,4,20,20,2.0,2,626,0,1,1,8500,179600
1727,913,913,814,6,5,3,3,58,58,2.0,1,240,0,1,1,8400,129000
2376,1188,1188,1188,5,7,3,3,62,62,1.0,1,312,0,1,1,26142,157900
3310,2090,1220,1220,8,5,4,4,29,28,3.5,2,556,1,1,1,10000,240000
1906,1346,796,560,4,7,3,3,114,24,1.5,1,384,0,1,1,11767,112000
1260,630,630,630,5,7,3,5,54,54,2.0,0,0,0,1,0,1533,92000
2688,1792,896,896,5,5,3,3,50,50,3.0,0,0,0,1,0,9000,136000
3151,1578,1578,1573,8,5,4,5,16,15,2.0,3,840,1,1,1,9262,287090
1619,1072,1072,547,5,5,3,3,19,19,2.0,2,525,0,1,1,3675,145000
2280,1140,1140,1140,5,5,3,3,18,18,1.0,0,0,0,1,0,17217,84500
2442,1221,1221,1221,7,5,4,4,20,19,3.0,2,400,0,1,1,7500,185000
2600,1647,953,953,6,5,3,3,25,24,2.5,2,460,1,1,1,7917,175000
3615,2073,2073,1542,6,6,3,3,46,36,3.0,2,500,2,1,1,13175,210000
3492,2340,1188,1152,7,9,5,4,83,18,2.0,1,252,2,1,1,9042,266500
2156,1078,1078,1078,5,6,3,4,74,28,2.0,1,240,0,1,1,9717,142125
2512,1256,1256,1256,5,6,4,3,59,59,2.5,1,276,0,1,1,9937,147500
